transaction_id,vendor,department,payment_terms,invoice_date,due_date,payment_date,invoice_amount,paid_amount,anomaly_type,is_anomaly,payment_delay_days,processing_time_days,payment_ratio,amount_zscore_vendor,amount_zscore_overall,vendor_monthly_count,log_amount
TXN-0254,Aramco Services,Operations,Immediate,2023-01-02,2023-01-02,2023-01-05,22606.04,22606.04,Normal,0,3,3,1.0,1.2467243991882424,0.1073059792514073,4,10.026016641177726
TXN-0281,Noor Packaging,Finance,Net 90,2023-01-04,2023-04-04,2023-04-04,10838.0,10838.0,Normal,0,0,90,1.0,-0.23204354255030596,-0.13778385053294517,4,9.29090601981575
TXN-0119,KSA Office Depot,Logistics,Net 15,2023-01-04,2023-01-19,2023-01-25,24692.58,24692.58,Normal,0,6,21,1.0,1.0110633752802511,0.15076179121654704,2,10.114298569802923
TXN-0140,SABIC Materials,IT,Net 90,2023-01-07,2023-04-07,2023-04-15,3697.12,3697.12,Normal,0,8,98,1.0,-0.6904731601755973,-0.28650505335945553,3,8.21557986139354
TXN-0256,SABIC Materials,Procurement,Net 60,2023-01-08,2023-03-09,2023-03-15,6718.45,6718.45,Normal,0,6,66,1.0,-0.4788560623932014,-0.22358061943312985,3,8.812761584929596
TXN-0257,Gulf Trading Co.,IT,Net 90,2023-01-09,2023-04-09,2023-04-09,27269.63,27269.63,Normal,0,0,90,1.0,0.047105407961961554,0.2044333241010176,4,10.213565577883012
TXN-0032,KSA Office Depot,Finance,Net 15,2023-01-10,2023-01-25,2023-01-23,43556.86,43556.86,Normal,0,-2,13,1.0,2.6050436134948316,0.5436431184557784,2,10.681845448200058
TXN-0524,Al-Rajhi Supplies,IT,Net 90,2023-01-10,2023-04-09,2023-04-17,25000.0,25000.0,Duplicate Vendor,1,8,97,1.0,0.10121931909778037,0.1571643455477955,3,10.12667110305036
TXN-0514,Al-Rajhi Supplies,Operations,Net 60,2023-01-12,2023-03-10,2023-03-13,25000.0,25000.0,Duplicate Vendor,1,3,60,1.0,0.10121931909778037,0.1571643455477955,3,10.12667110305036
TXN-0240,SABIC Materials,Operations,Net 15,2023-01-13,2023-01-28,2023-02-02,19573.79,19573.79,Normal,0,5,20,1.0,0.4215453309686445,0.044154117398150276,3,9.88199779283211
TXN-0377,Aramco Services,Logistics,Immediate,2023-01-17,2023-01-17,2023-01-16,19887.7,19887.7,Normal,0,-1,-1,1.0,0.9116814927556187,0.05069183722809698,4,9.89790701023487
TXN-0455,Riyadh Logistics,Logistics,Net 60,2023-01-19,2023-03-20,2023-03-27,6475.58,6475.58,Normal,0,7,67,1.0,-0.635874739505705,-0.2286388081340287,2,8.775947872244828
TXN-0362,Riyadh Logistics,Procurement,Net 15,2023-01-19,2023-02-03,2023-02-07,33731.63,33731.63,Normal,0,4,19,1.0,1.814910530460553,0.33901567426863133,2,10.42622089714766
TXN-0456,Jeddah Wholesale,Operations,Net 90,2023-01-20,2023-04-20,2023-04-15,5248.52,5248.52,Normal,0,-5,85,1.0,-0.5871019174032891,-0.2541944594179458,2,8.565891922834394
TXN-0425,Madinah Goods,Procurement,Net 30,2023-01-20,2023-02-19,2023-02-18,16585.78,16585.78,Normal,0,-1,29,1.0,0.28816437100820064,-0.01807636977676955,4,9.716361271519036
TXN-0519,Al-Rajhi Supplies,Procurement,Immediate,2023-01-21,2023-01-18,2023-01-15,25000.0,25000.0,Duplicate Vendor,1,-3,-6,1.0,0.10121931909778037,0.1571643455477955,3,10.12667110305036
TXN-0363,Gulf Trading Co.,Procurement,Net 60,2023-01-22,2023-03-23,2023-03-28,9072.4,9072.4,Normal,0,5,65,1.0,-0.203783950334328,-0.17455553073349284,4,9.113102335048929
TXN-0261,Madinah Goods,Operations,Immediate,2023-01-23,2023-01-23,2023-01-27,4714.77,4714.77,Normal,0,4,4,1.0,-0.7041132062539854,-0.26531072828237845,4,8.45866749032377
TXN-0481,Gulf Trading Co.,IT,Net 30,2023-01-24,2023-02-23,2023-03-03,8934.41,8934.41,Normal,0,8,38,1.0,-0.20568644992087523,-0.17742941165265547,4,9.097777313502142
TXN-0499,Eastern Retail Ltd,IT,Net 15,2023-01-25,2023-02-09,2023-02-15,4912.34,4912.34,Normal,0,6,21,1.0,-0.2227479135274359,-0.2611959905970464,1,8.499709233926401
TXN-0410,Gulf Trading Co.,Operations,Net 30,2023-01-26,2023-02-25,2023-03-01,14936.32,14936.32,Normal,0,4,34,1.0,-0.12293674854038583,-0.052429233179349576,4,9.611618058392057
TXN-0129,Jeddah Wholesale,Procurement,Immediate,2023-01-27,2023-01-27,2023-02-02,10718.44,10718.44,Normal,0,6,6,1.0,-0.282826314778701,-0.1402738947585781,2,9.279814194454328
TXN-0190,Madinah Goods,Logistics,Net 15,2023-01-28,2023-02-12,2023-02-13,2945.76,2945.76,Normal,0,1,16,1.0,-0.8519817496174044,-0.30215342764325903,4,7.988461540670107
TXN-0310,Noor Packaging,Finance,Immediate,2023-01-29,2023-01-29,2023-02-04,8419.0,8419.0,Normal,0,6,6,1.0,-0.31753851898840424,-0.1881637182295496,4,9.038365107236372
TXN-0033,Aramco Services,Finance,Net 60,2023-01-30,2023-03-31,2023-04-02,9790.84,9790.84,Normal,0,2,62,1.0,-0.3327843651735956,-0.15959277250780102,4,9.18930466474933
TXN-0058,Madinah Goods,IT,Net 60,2023-01-30,2023-03-31,2023-03-28,7728.19,7728.19,Normal,0,-3,57,1.0,-0.45222654312478106,-0.20255103381594536,4,8.95275934954505
TXN-0169,Noor Packaging,IT,Immediate,2023-01-31,2023-01-31,2023-01-29,8133.04,8133.04,Normal,0,-2,-2,1.0,-0.3276452339376554,-0.19411933086556488,4,9.003813004084781
TXN-0176,Noor Packaging,Operations,Net 30,2023-01-31,2023-03-02,2023-03-02,19182.36,19182.36,Normal,0,0,30,1.0,0.06287206786350541,0.036001909207789846,4,9.861798515576522
TXN-0482,Aramco Services,Procurement,Immediate,2023-01-31,2023-01-31,2023-01-28,4608.08,4608.08,Normal,0,-3,-3,1.0,-0.9715738373304063,-0.26753273245127085,4,8.435783549914198
TXN-0474,SABIC Materials,IT,Net 30,2023-02-01,2023-03-03,2023-03-04,29539.97,29539.97,Normal,0,1,31,1.0,1.1195869509098488,0.2517170896348369,5,10.293533392377668
TXN-0117,Madinah Goods,Logistics,Net 15,2023-02-01,2023-02-16,2023-02-17,9626.07,9626.07,Normal,0,1,16,1.0,-0.293585975192115,-0.16302439334300958,6,9.172334200967901
TXN-0498,Eastern Retail Ltd,Finance,Net 90,2023-02-01,2023-05-02,2023-05-02,8499.21,8499.21,Normal,0,0,90,1.0,-0.1936291310770951,-0.1864932059567325,4,9.047846148055575
TXN-0467,Noor Packaging,Finance,Net 60,2023-02-01,2023-04-02,2023-03-31,16176.8,16176.8,Normal,0,-2,58,1.0,-0.04335376156323735,-0.026594087135412482,2,9.691395211033933
TXN-0039,SABIC Materials,Operations,Net 60,2023-02-02,2023-04-03,2023-04-08,3420.19,3420.19,Normal,0,5,65,1.0,-0.7098696256027035,-0.2922726005943545,5,8.137743722751344
TXN-0018,Aramco Services,Logistics,Net 90,2023-02-03,2023-05-04,2023-05-05,12725.94,12725.94,Normal,0,1,91,1.0,0.028974809422074456,-0.09846422778837001,6,9.451476285594197
TXN-0059,Riyadh Logistics,Procurement,Immediate,2023-02-04,2023-02-04,2023-02-06,12900.36,12900.36,Normal,0,2,2,1.0,-0.058177083874246284,-0.09483162897743914,5,9.465088011149385
TXN-0271,Aramco Services,Operations,Net 15,2023-02-04,2023-02-19,2023-02-16,31351.54,31351.54,Normal,0,-3,12,1.0,2.324631407953338,0.2894461747622192,6,10.353050563512717
TXN-0282,Riyadh Logistics,IT,Net 15,2023-02-05,2023-02-20,2023-02-19,16809.59,16809.59,Normal,0,-1,14,1.0,0.29332958348621846,-0.013415138611338754,5,9.729764323942595
TXN-0209,Riyadh Logistics,Logistics,Net 60,2023-02-08,2023-04-09,2023-04-19,14943.6,14943.6,Normal,0,10,70,1.0,0.1255451537576137,-0.05227761456139533,5,9.612105309555572
TXN-0075,Madinah Goods,Procurement,Net 30,2023-02-08,2023-03-10,2023-03-09,1217.07,1217.07,Normal,0,-1,29,1.0,-0.996480012615866,-0.33815639312008544,6,7.1050229178828
TXN-0012,Al-Rajhi Supplies,Operations,Net 90,2023-02-10,2023-05-11,2023-05-13,6818.65,6818.65,Normal,0,2,92,1.0,-0.3223460080563675,-0.22149378076293566,2,8.827563429872516
TXN-0010,Madinah Goods,Procurement,Net 15,2023-02-10,2023-02-25,2023-03-01,15276.15,15276.15,Normal,0,4,19,1.0,0.17869462214017034,-0.045351684423939456,6,9.634113526999197
TXN-0340,Madinah Goods,Procurement,Net 90,2023-02-12,2023-05-13,2023-05-13,6304.51,6304.51,Normal,0,0,90,1.0,-0.5712295379160102,-0.23220163738862074,6,8.749179133311728
TXN-0002,Riyadh Logistics,Procurement,Immediate,2023-02-14,2023-02-14,2023-02-22,8860.77,8860.77,Normal,0,8,8,1.0,-0.4214053458088626,-0.17896309228811555,5,9.089501797913272
TXN-0384,Jeddah Wholesale,Operations,Net 15,2023-02-14,2023-03-01,2023-03-06,6498.95,6498.95,Normal,0,5,20,1.0,-0.5175441648603152,-0.22815208737831572,2,8.77954976354645
TXN-0463,Eastern Retail Ltd,IT,Net 90,2023-02-14,2023-05-15,2023-05-22,5654.57,5654.57,Normal,0,7,97,1.0,-0.21672237206702155,-0.24573776438768277,4,8.640396179226638
TXN-0237,Eastern Retail Ltd,IT,Net 90,2023-02-16,2023-05-17,2023-05-24,1958.41,1958.41,Normal,0,7,97,1.0,-0.24672838815950654,-0.3227167027033014,4,7.580398686500662
TXN-0181,KSA Office Depot,Finance,Net 30,2023-02-16,2023-03-18,2023-03-20,16326.32,16326.32,Normal,0,2,32,1.0,0.30413721071075156,-0.023480073982044845,1,9.700595057370615
TXN-0250,Gulf Trading Co.,Procurement,Net 15,2023-02-16,2023-03-03,2023-03-04,13684.04,13684.04,Normal,0,1,16,1.0,-0.14020221837328223,-0.0785101346754652,3,9.524058544378802
TXN-0051,Al-Rajhi Supplies,IT,Net 30,2023-02-17,2023-03-19,2023-03-21,12826.48,12826.48,Normal,0,2,32,1.0,-0.18238343765117182,-0.09637030802887576,2,9.45934502366464
TXN-0505,SABIC Materials,Logistics,Net 90,2023-02-17,2023-05-18,2023-05-19,0.0,0.0,Zero Amount,1,1,91,0.0,-0.9494232929162286,-0.36350398533898015,5,0.0
TXN-0272,SABIC Materials,Procurement,Net 15,2023-02-19,2023-03-06,2023-03-12,3137.9,3137.9,Normal,0,6,21,1.0,-0.7296415110084661,-0.29815177911939567,5,8.05162769905511
TXN-0045,Eastern Retail Ltd,Operations,Net 30,2023-02-19,2023-03-21,2023-03-29,3032.62,3032.62,Normal,0,8,38,1.0,-0.23800778013747603,-0.30034441759442604,4,8.017511904865975
TXN-0248,Jeddah Wholesale,Operations,Net 90,2023-02-20,2023-05-21,2023-05-27,5868.4,5868.4,Normal,0,6,96,1.0,-0.5526198115306384,-0.241284384019942,2,8.677507692947103
TXN-0267,Madinah Goods,IT,Net 15,2023-02-20,2023-03-07,2023-03-05,36531.46,36531.46,Normal,0,-2,13,1.0,1.9553899084516735,0.3973269867833002,6,10.505956459432722
TXN-0492,Gulf Trading Co.,Operations,Net 30,2023-02-21,2023-03-23,2023-03-19,32336.61,32336.61,Normal,0,-4,26,1.0,0.1169650163034582,0.3099619648704846,3,10.383986228112
TXN-0007,Riyadh Logistics,Operations,Net 90,2023-02-22,2023-05-23,2023-05-20,35009.34,35009.34,Normal,0,-3,87,1.0,1.9297985222014176,0.36562619959092496,5,10.463398725412551
TXN-0305,Aramco Services,Operations,Net 60,2023-02-22,2023-04-23,2023-04-22,9733.01,9733.01,Normal,0,-1,59,1.0,-0.3399120722591694,-0.16079718249080832,6,9.183381217719766
TXN-0370,Madinah Goods,Finance,Net 90,2023-02-22,2023-05-23,2023-05-20,5332.59,5332.59,Normal,0,-3,87,1.0,-0.6524706810784423,-0.25244355595483975,6,8.581779836395839
TXN-0137,SABIC Materials,IT,Net 60,2023-02-22,2023-04-23,2023-04-27,5289.07,5289.07,Normal,0,4,64,1.0,-0.5789713252834521,-0.2533499353852474,5,8.573586757278974
TXN-0457,Noor Packaging,IT,Immediate,2023-02-24,2023-02-24,2023-03-01,9084.96,9084.96,Normal,0,5,5,1.0,-0.2940014232840984,-0.17429394696405534,2,9.114485643932374
TXN-0224,Gulf Trading Co.,Logistics,Net 15,2023-02-24,2023-03-11,2023-03-13,2723.92,2723.92,Normal,0,2,17,1.0,-0.29131189130978574,-0.30677363014421594,3,7.910194348868231
TXN-0408,Aramco Services,IT,Immediate,2023-02-24,2023-02-24,2023-03-01,8831.64,8831.64,Normal,0,5,5,1.0,-0.4510084121471798,-0.17956977502726484,6,9.08620922965962
TXN-0260,Aramco Services,IT,Immediate,2023-02-25,2023-02-25,2023-03-06,18392.67,18392.67,Normal,0,9,9,1.0,0.7274149196249706,0.01955524623907068,6,9.819761862668893
TXN-0380,Aramco Services,Finance,Net 60,2023-02-28,2023-04-29,2023-04-24,5184.15,5184.15,Normal,0,-5,55,1.0,-0.9005716201284958,-0.25553507623631305,6,8.553554049849803
TXN-0243,Al-Rajhi Supplies,Finance,Net 15,2023-03-01,2023-03-16,2023-03-14,14823.81,14823.81,Normal,0,-2,13,1.0,-0.13585225405453052,-0.05477244893567242,5,9.604057407594928
TXN-0069,SABIC Materials,Operations,Net 90,2023-03-01,2023-05-30,2023-05-28,13217.66,13217.66,Normal,0,-2,88,1.0,-0.023644629653869573,-0.08822330652182421,5,9.489384746694872
TXN-0293,Noor Packaging,Finance,Net 90,2023-03-03,2023-06-01,2023-05-27,6176.51,6176.51,Normal,0,-5,85,1.0,-0.3967950835657796,-0.234867459242761,7,8.728670556639278
TXN-0193,Noor Packaging,Logistics,Net 15,2023-03-04,2023-03-19,2023-03-14,11746.08,11746.08,Normal,0,-5,10,1.0,-0.19994917371859522,-0.11887151061647866,7,9.37135997805012
TXN-0350,Noor Packaging,Operations,Net 90,2023-03-04,2023-06-02,2023-05-29,8343.54,8343.54,Normal,0,-4,86,1.0,-0.32020550986150004,-0.18973530351949822,7,9.029362711748576
TXN-0238,Al-Rajhi Supplies,Finance,Immediate,2023-03-05,2023-03-05,2023-03-14,11489.21,11489.21,Normal,0,9,9,1.0,-0.213537406143249,-0.12422127358267411,5,9.349250647438186
TXN-0366,Al-Rajhi Supplies,Finance,Net 90,2023-03-05,2023-06-03,2023-06-09,7179.78,7179.78,Normal,0,6,96,1.0,-0.3139328733554142,-0.21397262258961003,5,8.879163291239397
TXN-0035,SABIC Materials,IT,Net 60,2023-03-07,2023-05-06,2023-05-16,19111.32,19111.32,Normal,0,10,70,1.0,0.38915345083260344,0.034522378078741964,5,9.85808843227276
TXN-0422,KSA Office Depot,IT,Net 30,2023-03-07,2023-04-06,2023-04-04,40306.69,40306.69,Normal,0,-2,28,1.0,2.3304131080719968,0.4759526948958476,3,10.604297548589733
TXN-0294,Jeddah Wholesale,Logistics,Net 60,2023-03-08,2023-05-07,2023-05-14,19529.5,19529.5,Normal,0,7,67,1.0,0.20730710422219895,0.043231701383151244,2,9.879732625181513
TXN-0383,Jeddah Wholesale,Operations,Net 30,2023-03-11,2023-04-10,2023-04-07,1809.64,1809.64,Normal,0,-3,27,1.0,-0.7783967232420662,-0.3258150958067424,2,7.5014356529214705
TXN-0338,Riyadh Logistics,Operations,Immediate,2023-03-12,2023-03-12,2023-03-15,7653.29,7653.29,Normal,0,3,3,1.0,-0.5299784588527137,-0.2041109561352821,2,8.943021553953544
TXN-0520,Al-Rajhi Supplies,Procurement,Net 15,2023-03-12,2023-03-27,2023-03-29,0.0,0.0,Zero Amount,1,2,17,0.0,-0.48119800298521653,-0.36350398533898015,5,0.0
TXN-0518,Riyadh Logistics,Finance,Net 60,2023-03-13,2023-05-12,2023-05-22,4527.64,702.75,Partial Payment,1,10,70,0.15521331201243915,-0.8110278764708219,-0.26920803487273215,2,8.418176952651256
TXN-0242,Noor Packaging,Logistics,Net 30,2023-03-13,2023-04-12,2023-04-08,9029.13,9029.13,Normal,0,-4,26,1.0,-0.29597462896187393,-0.17545670348059167,7,9.10832204276366
TXN-0236,SABIC Materials,Logistics,Net 30,2023-03-14,2023-04-13,2023-04-15,16434.45,16434.45,Normal,0,2,32,1.0,0.20166268996213846,-0.02122807931729334,5,9.707195866313683
TXN-0341,Noor Packaging,Logistics,Immediate,2023-03-17,2023-03-17,2023-03-25,5126.73,5126.73,Normal,0,8,8,1.0,-0.43389757069483575,-0.2567309472586938,7,8.542418345108251
TXN-0322,Noor Packaging,Finance,Immediate,2023-03-18,2023-03-18,2023-03-23,15932.65,15932.65,Normal,0,5,5,1.0,-0.05198278119835999,-0.031678934054852725,7,9.67618850409093
TXN-0165,KSA Office Depot,Procurement,Net 60,2023-03-18,2023-05-17,2023-05-21,21390.47,21390.47,Normal,0,4,64,1.0,0.7320440814396832,0.08198962713236578,3,9.970747523417751
TXN-0525,SABIC Materials,Procurement,Immediate,2023-03-18,2023-03-18,2023-03-20,0.0,0.0,Zero Amount,1,2,2,0.0,-0.9494232929162286,-0.36350398533898015,5,0.0
TXN-0470,Gulf Trading Co.,Operations,Net 15,2023-03-20,2023-04-04,2023-04-13,6243.81,6243.81,Normal,0,9,24,1.0,-0.24278236547681403,-0.2334658200960138,2,8.739505997757377
TXN-0329,Gulf Trading Co.,Operations,Net 60,2023-03-21,2023-05-20,2023-05-17,16306.12,16306.12,Normal,0,-3,57,1.0,-0.10405100367733483,-0.023900773993401337,2,9.699357101237169
TXN-0284,Eastern Retail Ltd,Logistics,Net 90,2023-03-22,2023-06-20,2023-06-26,3676.61,3676.61,Normal,0,6,96,1.0,-0.23277976665770259,-0.286932209658115,2,8.210018363652994
TXN-0028,SABIC Materials,Finance,Net 15,2023-03-22,2023-04-06,2023-04-15,13367.19,13367.19,Normal,0,9,24,1.0,-0.013171392823929847,-0.08510908510112421,5,9.500633283220305
TXN-0475,KSA Office Depot,IT,Net 60,2023-03-26,2023-05-25,2023-05-30,36900.27,36900.27,Normal,0,5,65,1.0,2.042579903568092,0.4050080942678742,3,10.51600124678053
TXN-0299,Eastern Retail Ltd,Procurement,Net 90,2023-03-29,2023-06-27,2023-07-06,18963.85,18963.85,Normal,0,9,99,1.0,-0.10867551536726051,0.03145105972850703,2,9.850342544785104
TXN-0433,Al-Rajhi Supplies,IT,Net 15,2023-03-29,2023-04-13,2023-04-20,7978.25,7978.25,Normal,0,7,22,1.0,-0.29533116298886974,-0.19734310090308346,5,8.984599701064585
TXN-0462,Noor Packaging,IT,Net 60,2023-03-31,2023-05-30,2023-06-06,10180.31,10180.31,Normal,0,7,67,1.0,-0.25528835075765316,-0.15148138471458214,7,9.228308965518995
TXN-0087,Al-Rajhi Supplies,Procurement,Net 90,2023-04-02,2023-07-01,2023-07-04,20585.08,20585.08,Normal,0,3,93,1.0,-0.0016337162466461804,0.06521598445184978,8,9.932370398215163
TXN-0280,KSA Office Depot,Finance,Net 30,2023-04-03,2023-05-03,2023-05-06,7271.73,7271.73,Normal,0,3,33,1.0,-0.4609509625529702,-0.21205760446860844,4,8.891887015857577
TXN-0355,Gulf Trading Co.,IT,Net 15,2023-04-06,2023-04-21,2023-04-18,9747.7,9747.7,Normal,0,-3,12,1.0,-0.1944734352912426,-0.16049123777957922,4,9.18488922176888
TXN-0490,Aramco Services,Operations,Net 90,2023-04-07,2023-07-06,2023-07-04,20036.52,20036.52,Normal,0,-2,88,1.0,0.9300239684339014,0.053791271668199775,4,9.905361795045819
TXN-0055,Madinah Goods,Logistics,Net 60,2023-04-08,2023-06-07,2023-06-11,22579.54,22579.54,Normal,0,4,64,1.0,0.7891725962132171,0.1067540708206673,5,10.024843752386694
TXN-0048,SABIC Materials,Operations,Net 60,2023-04-08,2023-06-07,2023-06-16,23056.38,23056.38,Normal,0,9,69,1.0,0.6654695592277206,0.11668509029666932,6,10.045741170715978
TXN-0412,Aramco Services,IT,Net 90,2023-04-08,2023-07-07,2023-07-07,4025.02,4025.02,Normal,0,0,90,1.0,-1.0434375913216676,-0.27967596753154456,4,8.300533573897283
TXN-0149,Madinah Goods,Procurement,Immediate,2023-04-08,2023-04-08,2023-04-05,15026.24,15026.24,Normal,0,-3,-3,1.0,0.15780506941183528,-0.05055649332681602,5,9.617619833149934
TXN-0011,KSA Office Depot,Finance,Immediate,2023-04-09,2023-04-09,2023-04-06,6831.27,6831.27,Normal,0,-3,-3,1.0,-0.4981686319113551,-0.221230947389504,4,8.829412254593839
TXN-0095,Noor Packaging,IT,Net 60,2023-04-09,2023-06-08,2023-06-16,7232.31,7232.31,Normal,0,8,68,1.0,-0.35947983093107755,-0.2128785942927507,6,8.886452025048786
TXN-0440,Noor Packaging,IT,Net 15,2023-04-09,2023-04-24,2023-04-26,9466.95,9466.95,Normal,0,2,17,1.0,-0.2805007097456158,-0.16633834313543772,6,9.155667689673585
TXN-0387,Madinah Goods,Operations,Net 30,2023-04-13,2023-05-13,2023-05-12,13009.11,13009.11,Normal,0,-1,29,1.0,-0.010803403618081523,-0.09256672173808167,5,9.473482026505396
TXN-0252,Gulf Trading Co.,Operations,Immediate,2023-04-16,2023-04-16,2023-04-13,20625.63,20625.63,Normal,0,-3,-3,1.0,-0.04449693462097814,0.06606050848454813,4,9.934338238383182
TXN-0437,Al-Rajhi Supplies,Operations,Immediate,2023-04-17,2023-04-17,2023-04-22,36420.7,36420.7,Normal,0,5,5,1.0,0.3672838595103116,0.3950202178101394,8,10.502920029841874
TXN-0014,Riyadh Logistics,Finance,Net 90,2023-04-18,2023-07-17,2023-07-20,2141.74,2141.74,Normal,0,3,93,1.0,-1.025561111316388,-0.3188985376992425,1,7.66984066286809
TXN-0292,Al-Rajhi Supplies,Operations,Net 90,2023-04-19,2023-07-18,2023-07-17,6671.5,6671.5,Normal,0,-1,89,1.0,-0.325774116414148,-0.22455843455853522,8,8.805749881278679
TXN-0508,Aramco Services,Finance,Net 30,2023-04-19,2023-05-19,2023-05-20,4958.25,1926.89,Partial Payment,1,1,31,0.38862300206726164,-0.9284144185139551,-0.26023983527420597,4,8.509009798608218
TXN-0276,SABIC Materials,IT,Immediate,2023-04-19,2023-04-19,2023-04-18,14323.87,14323.87,Normal,0,-1,-1,1.0,0.05383547008295639,-0.06518456594941378,6,9.569752466498132
TXN-0382,Noor Packaging,Finance,Net 15,2023-04-20,2023-05-05,2023-05-09,6127.16,6127.16,Normal,0,4,19,1.0,-0.3985392659085742,-0.23589525852793153,6,8.72064982074015
TXN-0253,Madinah Goods,Operations,Immediate,2023-04-21,2023-04-21,2023-04-23,54053.25,54053.25,Normal,0,2,2,1.0,3.420006594858037,0.7622486329212441,5,10.897743450873424
TXN-0283,Al-Rajhi Supplies,Procurement,Immediate,2023-04-21,2023-04-21,2023-04-28,35200.43,35200.43,Normal,0,7,7,1.0,0.3388556040855829,0.3696059800448912,8,10.468841985761015
TXN-0348,SABIC Materials,Procurement,Net 90,2023-04-21,2023-07-20,2023-07-19,3210.01,3210.01,Normal,0,-1,89,1.0,-0.7245908515568045,-0.2966499633857858,6,8.074340808379278
TXN-0003,Al-Rajhi Supplies,Procurement,Net 30,2023-04-22,2023-05-22,2023-05-24,16616.49,16616.49,Normal,0,2,32,1.0,-0.09408873865646061,-0.017436780799108178,8,9.71821103414032
TXN-0507,Gulf Trading Co.,IT,Immediate,2023-04-22,2023-04-22,2023-07-04,6161.56,6161.56,Late Payment,1,73,73,1.0,-0.24391636497673078,-0.23517881890463127,4,8.726247554611865
TXN-0521,SABIC Materials,Operations,Net 30,2023-04-22,2023-05-22,2023-05-31,64891.4,64891.4,High Amount,1,9,39,1.0,3.595637901669125,0.9879718917372644,6,11.080485792599315
TXN-0247,Noor Packaging,Procurement,Net 90,2023-04-22,2023-07-21,2023-07-30,6768.56,6768.56,Normal,0,9,99,1.0,-0.3758701969183318,-0.22253699183070036,6,8.820191371179734
TXN-0022,KSA Office Depot,Logistics,Net 90,2023-04-23,2023-07-22,2023-07-21,8261.64,8261.64,Normal,0,-1,89,1.0,-0.3773062659299877,-0.19144101297148333,4,9.019499428040598
TXN-0106,Al-Rajhi Supplies,Procurement,Net 15,2023-04-23,2023-05-08,2023-05-08,13673.85,13673.85,Normal,0,0,15,1.0,-0.16264251900263305,-0.07872235908713467,8,9.523313658308634
TXN-0302,Eastern Retail Ltd,Finance,Net 90,2023-04-24,2023-07-23,2023-07-28,6322.41,6322.41,Normal,0,5,95,1.0,-0.21130074048527042,-0.2318288388637058,2,8.75201389859441
TXN-0084,Aramco Services,Finance,Net 60,2023-04-25,2023-06-24,2023-06-19,6537.98,6537.98,Normal,0,-5,55,1.0,-0.7337083366482545,-0.22733921998013532,4,8.78553646898495
TXN-0195,Madinah Goods,Logistics,Net 30,2023-04-26,2023-05-26,2023-05-24,11367.85,11367.85,Normal,0,-2,28,1.0,-0.14799354131127998,-0.12674880592813084,5,9.338632438269528
TXN-0278,SABIC Materials,Finance,Immediate,2023-04-26,2023-04-26,2023-05-04,6123.12,6123.12,Normal,0,8,8,1.0,-0.5205535952091446,-0.23597939853020283,6,8.719990351621519
TXN-0441,Noor Packaging,IT,Net 90,2023-04-26,2023-07-25,2023-07-29,13456.97,13456.97,Normal,0,4,94,1.0,-0.13948100495539642,-0.08323926099124364,6,9.5073267745884
TXN-0175,Eastern Retail Ltd,Procurement,Immediate,2023-04-26,2023-04-26,2023-04-25,12349.28,12349.28,Normal,0,-1,-1,1.0,-0.16237364906949972,-0.10630882512884252,2,9.421434013863893
TXN-0167,KSA Office Depot,IT,Immediate,2023-04-26,2023-04-26,2023-05-03,19103.91,19103.91,Normal,0,7,7,1.0,0.5388359943305047,0.03436805198546713,4,9.857700649061215
TXN-0449,Gulf Trading Co.,Procurement,Immediate,2023-04-26,2023-04-26,2023-04-28,6561.05,6561.05,Normal,0,2,2,1.0,-0.2384085052779863,-0.226858747244393,4,8.78905833312018
TXN-0158,SABIC Materials,Operations,Net 90,2023-04-27,2023-07-26,2023-08-01,14458.91,14458.91,Normal,0,6,96,1.0,0.0632938122317897,-0.06237212389329579,6,9.579135271626996
TXN-0041,Al-Rajhi Supplies,Procurement,Net 30,2023-04-28,2023-05-28,2023-05-25,17868.12,17868.12,Normal,0,-3,27,1.0,-0.06492989894291101,0.008630583320404369,8,9.790829362396993
TXN-0040,Al-Rajhi Supplies,IT,Immediate,2023-04-28,2023-04-28,2023-04-30,11585.26,11585.26,Normal,0,2,2,1.0,-0.2112997587918061,-0.1222208658554071,8,9.357575192281697
TXN-0155,Noor Packaging,Finance,Net 90,2023-04-29,2023-07-28,2023-07-26,12512.18,12512.18,Normal,0,-2,88,1.0,-0.17287281925425993,-0.10291615028478429,6,9.43453776780115
TXN-0376,Al-Rajhi Supplies,Operations,Net 30,2023-05-01,2023-05-31,2023-06-06,5356.8,5356.8,Normal,0,6,36,1.0,-0.3564022785478486,-0.251939340743209,4,8.586308722046915
TXN-0062,Noor Packaging,Operations,Net 90,2023-05-03,2023-08-01,2023-08-04,8531.09,8531.09,Normal,0,3,93,1.0,-0.3135769100967356,-0.18582924970118564,6,9.051589628058812
TXN-0044,KSA Office Depot,IT,Net 15,2023-05-05,2023-05-20,2023-05-30,7778.49,7778.49,Normal,0,10,25,1.0,-0.418131123920506,-0.20150344913420115,2,8.959246062324537
TXN-0145,SABIC Materials,Finance,Net 15,2023-05-05,2023-05-20,2023-05-29,12184.33,12184.33,Normal,0,9,24,1.0,-0.09602013833762248,-0.10974419477603348,2,9.40798804817104
TXN-0105,Eastern Retail Ltd,Logistics,Net 15,2023-05-05,2023-05-20,2023-05-19,8699.07,8699.07,Normal,0,-1,14,1.0,-0.1920066357370005,-0.18233077505229123,7,9.071086350587318
TXN-0493,Jeddah Wholesale,IT,Net 30,2023-05-06,2023-06-05,2023-06-01,10529.06,10529.06,Normal,0,-4,26,1.0,-0.2933609685990576,-0.1442180614987116,4,9.261989303117485
TXN-0103,Riyadh Logistics,Procurement,Net 30,2023-05-06,2023-06-05,2023-06-15,7523.81,7523.81,Normal,0,10,40,1.0,-0.5416209263692918,-0.20680760155461086,9,8.925960840128875
TXN-0066,Riyadh Logistics,Finance,Net 30,2023-05-06,2023-06-05,2023-06-11,29289.72,29289.72,Normal,0,6,36,1.0,1.4155068164772058,0.2465051996426603,9,10.285026021288175
TXN-0001,SABIC Materials,Procurement,Net 90,2023-05-06,2023-08-04,2023-08-06,14726.02,14726.02,Normal,0,2,92,1.0,0.08200247463829806,-0.056809095178769115,2,9.59743918077508
TXN-0489,Madinah Goods,Logistics,Net 60,2023-05-07,2023-07-06,2023-07-15,38166.49,38166.49,Normal,0,9,69,1.0,2.0920592910190363,0.43137932042529237,2,10.54973938512805
TXN-0060,Eastern Retail Ltd,Procurement,Immediate,2023-05-07,2023-05-07,2023-05-03,21599.73,21599.73,Normal,0,-4,-4,1.0,-0.087277021336196,0.08634782932922042,7,9.980482389397471
TXN-0411,Eastern Retail Ltd,IT,Net 15,2023-05-08,2023-05-23,2023-05-23,17488.38,17488.38,Normal,0,0,15,1.0,-0.12065361603497478,0.0007218396415666429,7,9.769349118556422
TXN-0255,Riyadh Logistics,Operations,Immediate,2023-05-09,2023-05-09,2023-05-09,2935.12,2935.12,Normal,0,0,0,1.0,-0.9542226738874199,-0.3023750240848845,9,7.984844260833777
TXN-0229,Gulf Trading Co.,Operations,Immediate,2023-05-09,2023-05-09,2023-05-08,5584.54,5584.54,Normal,0,-1,-1,1.0,-0.2518718712556603,-0.24719626051616278,7,8.627936394385314
TXN-0163,Aramco Services,Operations,Net 30,2023-05-10,2023-06-09,2023-06-19,25006.13,25006.13,Normal,0,10,40,1.0,1.542542114889691,0.15729201342252896,4,10.12691626318855
TXN-0188,Jeddah Wholesale,Procurement,Net 90,2023-05-10,2023-08-08,2023-08-13,9336.97,9336.97,Normal,0,5,95,1.0,-0.3596734380927148,-0.1690454019213843,4,9.141844162846347
TXN-0526,Gulf Trading Co.,IT,Immediate,2023-05-10,2023-05-10,2023-05-16,48333.86,48333.86,High Amount,1,6,6,1.0,0.3375227488267773,0.6431324231216234,7,10.785908318442665
TXN-0090,Eastern Retail Ltd,IT,Net 60,2023-05-11,2023-07-10,2023-07-06,14922.33,14922.33,Normal,0,-4,56,1.0,-0.14148521899429503,-0.05272059917731381,7,9.610681039203017
TXN-0480,Noor Packaging,Procurement,Net 15,2023-05-11,2023-05-26,2023-05-21,24237.59,24237.59,Normal,0,-5,10,1.0,0.2415396039276507,0.14128583586174004,6,10.095701270174576
TXN-0504,Al-Rajhi Supplies,Logistics,Net 60,2023-05-13,2023-07-10,2023-07-11,25000.0,25000.0,Duplicate Vendor,1,1,59,1.0,0.10121931909778037,0.1571643455477955,4,10.12667110305036
TXN-0111,Riyadh Logistics,Logistics,Net 15,2023-05-13,2023-05-28,2023-05-30,2132.36,2132.36,Normal,0,2,17,1.0,-1.0264045338164305,-0.31909389245699116,9,7.6654534806015295
TXN-0021,Gulf Trading Co.,IT,Immediate,2023-05-15,2023-05-15,2023-05-23,31968.91,31968.91,Normal,0,8,8,1.0,0.11189545258164198,0.3023039750598019,7,10.372550426910731
TXN-0174,Jeddah Wholesale,Procurement,Net 60,2023-05-16,2023-07-15,2023-07-16,13002.82,13002.82,Normal,0,1,61,1.0,-0.15575295701047842,-0.0926977218901328,4,9.472998439433194
TXN-0020,Eastern Retail Ltd,Logistics,Net 60,2023-05-16,2023-07-15,2023-07-14,3197.6,3197.6,Normal,0,-1,59,1.0,-0.23666844619767413,-0.296908423145238,7,8.07046849305677
TXN-0432,Al-Rajhi Supplies,IT,Net 15,2023-05-16,2023-05-31,2023-06-02,1936.45,1936.45,Normal,0,2,17,1.0,-0.4360851220513117,-0.3231740577651523,4,7.569127954442897
TXN-0409,Gulf Trading Co.,Logistics,Net 30,2023-05-17,2023-06-16,2023-06-25,10896.93,10896.93,Normal,0,9,39,1.0,-0.17862873929988324,-0.13655653114337887,7,9.296328141925498
TXN-0192,Jeddah Wholesale,Procurement,Net 60,2023-05-17,2023-07-16,2023-07-15,19635.98,19635.98,Normal,0,-1,59,1.0,0.213230274244332,0.04544933193806419,4,9.8851698022642
TXN-0447,Gulf Trading Co.,Operations,Immediate,2023-05-19,2023-05-19,2023-05-22,13270.23,13270.23,Normal,0,3,3,1.0,-0.14590751117644996,-0.0871284451556355,7,9.493353813309598
TXN-0016,Riyadh Logistics,Logistics,Net 15,2023-05-19,2023-06-03,2023-06-05,6311.76,6311.76,Normal,0,2,17,1.0,-0.6506049606098587,-0.23205064357266356,9,8.75032826085422
TXN-0459,Riyadh Logistics,IT,Net 15,2023-05-20,2023-06-04,2023-06-05,6355.53,6355.53,Normal,0,1,16,1.0,-0.6466692886666967,-0.23113905745894703,9,8.757237909957425
TXN-0226,Noor Packaging,Procurement,Net 15,2023-05-21,2023-06-05,2023-05-31,23651.0,23651.0,Normal,0,-5,10,1.0,0.22080769064578876,0.12906908241314508,6,10.07120295694072
TXN-0373,Aramco Services,IT,Net 15,2023-05-21,2023-06-05,2023-06-01,31600.08,31600.08,Normal,0,-4,11,1.0,2.3552646488153215,0.2946224510405631,4,10.360946576206166
TXN-0157,Gulf Trading Co.,Operations,Net 15,2023-05-22,2023-06-06,2023-06-10,44029.7,44029.7,Normal,0,4,19,1.0,0.27818031371964513,0.5534908309988384,7,10.692642396874616
TXN-0085,Gulf Trading Co.,Logistics,Net 90,2023-05-23,2023-08-21,2023-08-18,5183.34,5183.34,Normal,0,-3,87,1.0,-0.25740330711422077,-0.2555519458902338,7,8.553397822301168
TXN-0049,Riyadh Logistics,Logistics,Net 60,2023-05-23,2023-07-22,2023-07-31,13028.5,13028.5,Normal,0,9,69,1.0,-0.04665510528624564,-0.0921628913806459,9,9.47497129639721
TXN-0148,Aramco Services,Finance,Net 90,2023-05-24,2023-08-22,2023-08-25,3441.4,3441.4,Normal,0,3,93,1.0,-1.1153703668582848,-0.2918308655824302,4,8.14392418152439
TXN-0070,Madinah Goods,Operations,Net 90,2023-05-25,2023-08-23,2023-08-24,5907.06,5907.06,Normal,0,1,91,1.0,-0.6044517088250445,-0.24047922251305867,2,8.684072799320758
TXN-0346,Riyadh Logistics,Operations,Net 30,2023-05-27,2023-06-26,2023-07-06,11916.03,11916.03,Normal,0,10,40,1.0,-0.14668519362550836,-0.11533200730311034,9,9.385723748499737
TXN-0365,Noor Packaging,Procurement,Net 60,2023-05-27,2023-07-26,2023-08-01,17190.55,17190.55,Normal,0,6,66,1.0,-0.007524686588403901,-0.0054809863179537295,6,9.752173263014676
TXN-0054,Eastern Retail Ltd,Finance,Net 15,2023-05-27,2023-06-11,2023-06-19,16144.6,16144.6,Normal,0,8,23,1.0,-0.1315626362897147,-0.027264707945594626,7,9.689402845710264
TXN-0443,Aramco Services,IT,Net 90,2023-05-28,2023-08-26,2023-08-24,1893.24,1893.24,Normal,0,-2,88,1.0,-1.3061853591045567,-0.324073980908257,4,7.546572981663326
TXN-0173,Noor Packaging,Procurement,Net 60,2023-05-28,2023-07-27,2023-07-31,9305.11,9305.11,Normal,0,4,64,1.0,-0.2862206382229791,-0.16970894164226635,6,9.138426452665703
TXN-0445,Riyadh Logistics,Finance,Net 30,2023-05-28,2023-06-27,2023-06-24,3485.7,3485.7,Normal,0,-3,27,1.0,-0.9047161109798075,-0.2909082413000988,9,8.15671100913455
TXN-0177,Noor Packaging,IT,Immediate,2023-05-28,2023-05-28,2023-06-06,10000.61,10000.61,Normal,0,9,9,1.0,-0.261639507130504,-0.15522394867699627,6,9.210501359017075
TXN-0298,KSA Office Depot,Logistics,Net 15,2023-05-29,2023-06-13,2023-06-11,12655.4,12655.4,Normal,0,-2,13,1.0,-0.006045522797586378,-0.09993334555080015,2,9.44591829507057
TXN-0495,Al-Rajhi Supplies,Operations,Immediate,2023-05-29,2023-05-29,2023-05-31,33473.16,33473.16,Normal,0,2,2,1.0,0.2986159253690111,0.33363258852925926,4,10.41852907689128
TXN-0266,Eastern Retail Ltd,IT,Immediate,2023-05-31,2023-05-31,2023-06-09,3647.41,3647.41,Normal,0,9,9,1.0,-0.23301681691253479,-0.2875403502685908,7,8.202046735229777
TXN-0515,KSA Office Depot,IT,Net 15,2023-06-01,2023-06-16,2023-06-15,0.0,0.0,Zero Amount,1,-1,14,0.0,-1.075392325681174,-0.36350398533898015,4,0.0
TXN-0404,Jeddah Wholesale,Operations,Net 15,2023-06-02,2023-06-17,2023-06-26,10276.19,10276.19,Normal,0,9,24,1.0,-0.30742738486029714,-0.14948451753196515,7,9.237682155339744
TXN-0502,Jeddah Wholesale,Operations,Net 60,2023-06-03,2023-08-02,2023-11-21,45594.09,45594.09,Late Payment,1,111,171,1.0,1.6572037808486964,0.5860719642050769,7,10.727555314266464
TXN-0466,Jeddah Wholesale,Finance,Net 90,2023-06-04,2023-09-02,2023-08-28,8293.47,8293.47,Normal,0,-5,85,1.0,-0.41772028180135357,-0.1907780980525983,7,9.023344306671246
TXN-0097,Eastern Retail Ltd,IT,Net 30,2023-06-05,2023-07-05,2023-07-09,12542.73,12542.73,Normal,0,4,34,1.0,-0.16080319113123645,-0.10227989358444067,3,9.436976218123846
TXN-0395,SABIC Materials,IT,Net 60,2023-06-05,2023-08-04,2023-08-04,25426.62,25426.62,Normal,0,0,60,1.0,0.8314836357594948,0.16604944648071213,5,10.143591263788586
TXN-0077,Eastern Retail Ltd,Operations,Net 30,2023-06-07,2023-07-07,2023-07-13,10610.91,10610.91,Normal,0,6,36,1.0,-0.17648601384664497,-0.1425133933833883,3,9.269732234256722
TXN-0335,Gulf Trading Co.,IT,Net 60,2023-06-08,2023-08-07,2023-08-17,21592.38,21592.38,Normal,0,10,70,1.0,-0.031168131988218217,0.08619475283993974,7,9.980142065215727
TXN-0194,KSA Office Depot,Operations,Net 60,2023-06-09,2023-08-08,2023-08-03,3653.38,3653.38,Normal,0,-5,55,1.0,-0.7666916743608805,-0.287416014671175,4,8.20368172715202
TXN-0275,Al-Rajhi Supplies,Finance,Immediate,2023-06-09,2023-06-09,2023-06-15,4513.34,4513.34,Normal,0,6,6,1.0,-0.3760521071272136,-0.26950585715799935,3,8.415014275763843
TXN-0270,SABIC Materials,Finance,Net 15,2023-06-10,2023-06-25,2023-06-28,10988.37,10988.37,Normal,0,3,18,1.0,-0.17978642148571752,-0.1346521346563274,5,9.304683720913772
TXN-0438,Jeddah Wholesale,IT,Net 15,2023-06-10,2023-06-25,2023-06-25,3281.05,3281.05,Normal,0,0,15,1.0,-0.6965465015829112,-0.29517043225673795,7,8.096223506147032
TXN-0435,Gulf Trading Co.,Procurement,Net 15,2023-06-10,2023-06-25,2023-07-03,32921.65,32921.65,Normal,0,8,23,1.0,0.12503109615064711,0.32214643688256456,7,10.401916149728601
TXN-0442,Noor Packaging,Operations,Net 15,2023-06-12,2023-06-27,2023-07-07,9641.62,9641.62,Normal,0,10,25,1.0,-0.2743273292022332,-0.162700537641198,4,9.173948134910313
TXN-0109,Madinah Goods,IT,Immediate,2023-06-12,2023-06-12,2023-06-21,12161.62,12161.62,Normal,0,9,9,1.0,-0.08164365427526486,-0.11021716988781101,2,9.406122592838189
TXN-0205,Gulf Trading Co.,Logistics,Net 30,2023-06-12,2023-07-12,2023-07-22,3287.44,3287.44,Normal,0,10,40,1.0,-0.2835425126083501,-0.2950373494313633,7,8.098168567174318
TXN-0114,Gulf Trading Co.,Finance,Net 90,2023-06-13,2023-09-11,2023-09-08,71011.26,71011.26,Normal,0,-3,87,1.0,0.6501812322238808,1.115428583395694,7,11.170607817172996
TXN-0315,Jeddah Wholesale,IT,Net 60,2023-06-14,2023-08-13,2023-08-23,28124.13,28124.13,Normal,0,10,70,1.0,0.6854011572586901,0.2222297676507276,7,10.244418761718261
TXN-0215,Noor Packaging,Procurement,Net 30,2023-06-16,2023-07-16,2023-07-12,7690.83,7690.83,Normal,0,-4,26,1.0,-0.3432743093947416,-0.20332912056962255,4,8.947914005580406
TXN-0094,Madinah Goods,Finance,Net 15,2023-06-17,2023-07-02,2023-07-09,7614.96,7614.96,Normal,0,7,22,1.0,-0.4616912466397639,-0.20490924482019773,2,8.938001324356568
TXN-0427,KSA Office Depot,IT,Net 60,2023-06-17,2023-08-16,2023-08-21,4573.62,4573.62,Normal,0,5,65,1.0,-0.6889339028257578,-0.2682504216785652,4,8.428278914150651
TXN-0186,Aramco Services,Procurement,Net 60,2023-06-18,2023-08-17,2023-08-25,17521.79,17521.79,Normal,0,8,68,1.0,0.6200765563760604,0.0014176607989637268,1,9.771257598387335
TXN-0207,Riyadh Logistics,IT,Immediate,2023-06-19,2023-06-19,2023-06-17,14943.45,14943.45,Normal,0,-2,-2,1.0,0.1255316661909819,-0.052280738571380644,3,9.612095272434955
TXN-0450,Al-Rajhi Supplies,Procurement,Net 15,2023-06-19,2023-07-04,2023-07-14,4241.32,4241.32,Normal,0,10,25,1.0,-0.38238927352533425,-0.2751711451327122,3,8.352865568394508
TXN-0073,Noor Packaging,Procurement,Net 30,2023-06-20,2023-07-20,2023-07-19,9617.5,9617.5,Normal,0,-1,29,1.0,-0.27517980494910665,-0.16320287844683756,4,9.171443606346235
TXN-0101,Noor Packaging,IT,Immediate,2023-06-21,2023-06-21,2023-06-18,3189.77,3189.77,Normal,0,-3,-3,1.0,-0.5023557557140745,-0.29707149646647174,4,8.068017545961936
TXN-0146,KSA Office Depot,IT,Net 15,2023-06-22,2023-07-07,2023-07-02,18498.75,18498.75,Normal,0,-5,10,1.0,0.4877016239247466,0.021764546100689484,4,9.825512497461593
TXN-0127,Gulf Trading Co.,Logistics,Net 90,2023-06-22,2023-09-20,2023-09-27,4480.86,4480.86,Normal,0,7,97,1.0,-0.26708855901332723,-0.2701823094534875,7,8.407793417817684
TXN-0400,Riyadh Logistics,IT,Immediate,2023-06-22,2023-06-22,2023-06-18,26642.24,26642.24,Normal,0,-4,-4,1.0,1.177453063767981,0.19136683993641546,3,10.190290738880638
TXN-0200,SABIC Materials,Finance,Net 15,2023-06-24,2023-07-09,2023-07-12,3966.44,3966.44,Normal,0,3,18,1.0,-0.671609707068934,-0.2808959975644785,5,8.285876329412867
TXN-0006,Al-Rajhi Supplies,Operations,Net 15,2023-06-24,2023-07-09,2023-07-12,8206.57,8206.57,Normal,0,3,18,1.0,-0.29001206206975016,-0.19258794117076072,3,9.012812178124026
TXN-0406,Jeddah Wholesale,Logistics,Net 60,2023-06-24,2023-08-23,2023-08-22,16289.56,16289.56,Normal,0,-1,59,1.0,0.02707874695783163,-0.024245664695780766,7,9.698341077923573
TXN-0289,Gulf Trading Co.,IT,Net 30,2023-06-26,2023-07-26,2023-08-03,12391.84,12391.84,Normal,0,8,38,1.0,-0.1580180743464422,-0.10542243936234089,7,9.424874165467532
TXN-0396,Riyadh Logistics,Finance,Net 60,2023-06-27,2023-08-26,2023-08-30,6799.87,6799.87,Normal,0,4,64,1.0,-0.606715519618841,-0.22188490681309783,3,8.824805824156895
TXN-0342,SABIC Materials,Operations,Net 15,2023-06-28,2023-07-13,2023-07-08,12027.49,12027.49,Normal,0,-5,10,1.0,-0.10700537517576694,-0.11301065961668476,5,9.39503328155599
TXN-0277,Jeddah Wholesale,Operations,Net 30,2023-06-29,2023-07-29,2023-08-04,11605.65,11605.65,Normal,0,6,36,1.0,-0.23347342526577206,-0.12179620876473586,7,9.359333488696693
TXN-0323,SABIC Materials,IT,Net 60,2023-06-29,2023-08-28,2023-09-01,5143.16,5143.16,Normal,0,4,64,1.0,-0.5891910135457171,-0.256388764031635,5,8.545617369632797
TXN-0415,Gulf Trading Co.,Operations,Immediate,2023-06-30,2023-06-30,2023-06-26,12911.21,12911.21,Normal,0,-4,-4,1.0,-0.15085740175955156,-0.09460565892183431,7,9.465928654317993
TXN-0154,Eastern Retail Ltd,IT,Net 90,2023-06-30,2023-09-28,2023-10-07,11917.97,11917.97,Normal,0,9,99,1.0,-0.16587509240551593,-0.11529160344063355,3,9.38588652748986
TXN-0358,Aramco Services,Finance,Net 30,2023-07-02,2023-08-01,2023-07-29,7856.32,7856.32,Normal,0,-3,27,1.0,-0.5712192936049321,-0.19988250448648445,5,8.969200860359695
TXN-0388,Gulf Trading Co.,Logistics,Net 30,2023-07-04,2023-08-03,2023-08-09,44397.42,44397.42,Normal,0,6,36,1.0,0.2832501531860206,0.5611492373441859,8,10.70095916220155
TXN-0141,Jeddah Wholesale,Procurement,Net 15,2023-07-05,2023-07-20,2023-07-29,11872.36,11872.36,Normal,0,9,24,1.0,-0.2186371304066143,-0.11624151074350336,7,9.382052514102273
TXN-0420,KSA Office Depot,IT,Net 60,2023-07-05,2023-09-03,2023-09-07,10446.42,10446.42,Normal,0,4,64,1.0,-0.192698311380625,-0.14593918273329093,4,9.254110336958462
TXN-0327,Madinah Goods,Finance,Net 30,2023-07-05,2023-08-04,2023-08-08,24996.44,24996.44,Normal,0,4,34,1.0,0.9911971650144376,0.1570902023774772,2,10.1265286986071
TXN-0333,Jeddah Wholesale,Procurement,Net 15,2023-07-06,2023-07-21,2023-07-23,10515.9,10515.9,Normal,0,2,17,1.0,-0.2940930207918757,-0.1444921413080904,7,9.260738766059877
TXN-0379,KSA Office Depot,Operations,Immediate,2023-07-07,2023-07-07,2023-07-14,57059.07,57059.07,Normal,0,7,7,1.0,3.745943553074996,0.8248500442150876,4,10.951859851545567
TXN-0368,Riyadh Logistics,Logistics,Net 15,2023-07-08,2023-07-23,2023-07-26,9997.34,9997.34,Normal,0,3,18,1.0,-0.31920825509742234,-0.15529205209467625,6,9.210174358196658
TXN-0513,Jeddah Wholesale,Finance,Net 60,2023-07-09,2023-09-07,2023-09-12,8175.05,1832.67,Partial Payment,1,5,65,0.2241784453917713,-0.42430763899539,-0.19324439980234276,7,9.008964427884669
TXN-0344,Gulf Trading Co.,Logistics,Net 30,2023-07-11,2023-08-10,2023-08-12,6597.5,6597.5,Normal,0,2,32,1.0,-0.23790596081875265,-0.22609961281796007,8,8.794597629456884
TXN-0501,Eastern Retail Ltd,Operations,Net 90,2023-07-12,2023-10-10,2023-10-10,834199.31,834199.31,High Amount,1,0,90,1.0,6.509535907277976,17.010142509245018,6,13.634228832358435
TXN-0203,Aramco Services,IT,Immediate,2023-07-13,2023-07-13,2023-07-22,23539.64,23539.64,Normal,0,9,9,1.0,1.3617931755169934,0.126749817400043,5,10.066483568210193
TXN-0516,Gulf Trading Co.,Finance,Net 60,2023-07-14,2023-09-12,2023-09-14,542844.65,542844.65,High Amount,1,2,62,1.0,7.155455740479418,10.942176728513658,8,13.20458030436456
TXN-0053,Eastern Retail Ltd,Procurement,Net 60,2023-07-14,2023-09-12,2023-09-07,5758.67,5758.67,Normal,0,-5,55,1.0,-0.21587727167222595,-0.24356970145787024,6,8.65863546038204
TXN-0126,Riyadh Logistics,Procurement,Net 90,2023-07-14,2023-10-12,2023-10-17,57088.87,57088.87,Normal,0,5,95,1.0,3.9151260693617034,0.8254706808655047,6,10.95238197184939
TXN-0211,SABIC Materials,Finance,Immediate,2023-07-14,2023-07-14,2023-07-19,15626.33,15626.33,Normal,0,5,5,1.0,0.1450611240756216,-0.03805857897954221,4,9.65677658348732
TXN-0484,Riyadh Logistics,Logistics,Net 90,2023-07-15,2023-10-13,2023-10-22,11646.62,11646.62,Normal,0,9,99,1.0,-0.1709097624673475,-0.12094293750407858,6,9.362857146277932
TXN-0025,KSA Office Depot,Procurement,Net 15,2023-07-15,2023-07-30,2023-08-08,6402.82,6402.82,Normal,0,9,24,1.0,-0.5343714890075728,-0.23015416124424157,4,8.76464996628873
TXN-0082,Noor Packaging,Operations,Net 30,2023-07-15,2023-08-14,2023-08-10,13169.91,13169.91,Normal,0,-4,26,1.0,-0.14962659732262273,-0.08921778303381794,3,9.485765888781561
TXN-0239,Aramco Services,Finance,Immediate,2023-07-15,2023-07-15,2023-07-21,5828.83,5828.83,Normal,0,6,6,1.0,-0.8211130310929138,-0.2421084978540696,5,8.670743119399665
TXN-0115,Riyadh Logistics,Operations,Net 60,2023-07-16,2023-09-14,2023-09-13,8485.48,8485.48,Normal,0,-1,59,1.0,-0.4551503383505419,-0.18677915700405548,6,9.046229587914663
TXN-0465,Gulf Trading Co.,Procurement,Net 90,2023-07-16,2023-10-14,2023-10-16,9046.54,9046.54,Normal,0,2,92,1.0,-0.20414048804943857,-0.1750941100549621,8,9.110248176538928
TXN-0367,Eastern Retail Ltd,Logistics,Net 15,2023-07-17,2023-08-01,2023-08-06,11840.42,11840.42,Normal,0,5,20,1.0,-0.1665046556679213,-0.11690671660304432,6,9.37935883367911
TXN-0529,Al-Rajhi Supplies,Procurement,Net 15,2023-07-17,2023-07-29,2023-08-05,25000.0,25000.0,Duplicate Vendor,1,7,19,1.0,0.10121931909778037,0.1571643455477955,2,10.12667110305036
TXN-0381,Riyadh Logistics,Logistics,Immediate,2023-07-18,2023-07-18,2023-07-16,5055.45,5055.45,Normal,0,-2,-2,1.0,-0.7635687261779183,-0.25821547680371815,6,8.528419935030703
TXN-0319,Aramco Services,Finance,Net 90,2023-07-18,2023-10-16,2023-10-24,12827.33,12827.33,Normal,0,8,98,1.0,0.041471406714246706,-0.0963526053056256,5,9.459411285458778
TXN-0244,Gulf Trading Co.,IT,Net 60,2023-07-18,2023-09-16,2023-09-25,19783.51,19783.51,Normal,0,9,69,1.0,-0.05610743503277005,0.048521899892293205,8,9.892654587275787
TXN-0414,Jeddah Wholesale,Procurement,Net 30,2023-07-21,2023-08-20,2023-08-29,27505.51,27505.51,Normal,0,9,39,1.0,0.6509891414896068,0.20934593393660048,7,10.22217798291191
TXN-0444,KSA Office Depot,IT,Net 15,2023-07-22,2023-08-06,2023-08-12,9216.07,9216.07,Normal,0,6,21,1.0,-0.29665953259274175,-0.17156335396955272,4,9.128812478626863
TXN-0136,Noor Packaging,IT,Net 15,2023-07-23,2023-08-07,2023-08-08,34198.86,34198.86,Normal,0,1,16,1.0,0.5936018378852923,0.3487465488382405,3,10.439976829475066
TXN-0249,Madinah Goods,Finance,Net 30,2023-07-23,2023-08-22,2023-08-25,40634.12,40634.12,Normal,0,3,33,1.0,2.298324294416346,0.48277199215913785,2,10.612387996302177
TXN-0407,Aramco Services,Finance,Net 90,2023-07-24,2023-10-22,2023-10-21,4212.89,4212.89,Normal,0,-1,89,1.0,-1.020282095382419,-0.2757632491585966,5,8.346141490558791
TXN-0269,Eastern Retail Ltd,Finance,Net 15,2023-07-24,2023-08-08,2023-08-16,6960.21,6960.21,Normal,0,8,23,1.0,-0.20612297841225766,-0.2185455484061224,6,8.848108588792918
TXN-0086,Noor Packaging,Finance,Immediate,2023-07-24,2023-07-24,2023-07-29,6624.93,6624.93,Normal,0,5,5,1.0,-0.38094652741267,-0.2255283355253111,3,8.798746018360934
TXN-0419,Eastern Retail Ltd,Finance,Net 30,2023-07-25,2023-08-24,2023-08-20,25423.72,25423.72,Normal,0,-4,26,1.0,-0.056233260926067175,0.1659890489543293,6,10.143477208073426
TXN-0301,Gulf Trading Co.,Logistics,Immediate,2023-07-25,2023-07-25,2023-07-22,5099.02,5099.02,Normal,0,-3,-3,1.0,-0.25856584617601985,-0.2573080560366487,8,8.536999740273355
TXN-0527,Eastern Retail Ltd,Procurement,Net 90,2023-07-27,2023-10-25,2024-01-29,2691.8,2691.8,Late Payment,1,96,186,1.0,-0.2407746112282948,-0.3074425848157393,6,7.898336823436542
TXN-0152,SABIC Materials,Finance,Net 60,2023-07-27,2023-09-25,2023-09-27,13058.03,13058.03,Normal,0,2,62,1.0,-0.03482528099582947,-0.09154787794820243,4,9.477235127484022
TXN-0468,Jeddah Wholesale,Finance,Net 60,2023-07-27,2023-09-25,2023-09-29,18142.38,18142.38,Normal,0,4,64,1.0,0.1301456879834572,0.014342523177564695,7,9.806061034867797
TXN-0116,Gulf Trading Co.,Procurement,Net 15,2023-07-28,2023-08-12,2023-08-17,12597.3,12597.3,Normal,0,5,20,1.0,-0.15518535048926418,-0.10114337875178102,8,9.441317163202042
TXN-0079,SABIC Materials,Finance,Immediate,2023-07-28,2023-07-28,2023-07-27,10651.0,10651.0,Normal,0,-1,-1,1.0,-0.2034161674184184,-0.14167844964797827,4,9.273502946933823
TXN-0185,SABIC Materials,Logistics,Net 90,2023-07-29,2023-10-27,2023-11-01,8276.95,8276.95,Normal,0,5,95,1.0,-0.36969710031561825,-0.19112215568564825,4,9.02135063218413
TXN-0483,Jeddah Wholesale,Procurement,Net 90,2023-07-29,2023-10-27,2023-10-27,2737.62,2737.62,Normal,0,0,90,1.0,-0.7267759182351256,-0.30648830389889,7,7.915209422873
TXN-0523,Al-Rajhi Supplies,IT,Immediate,2023-07-30,2023-07-30,2023-07-25,5824.92,611.72,Partial Payment,1,-5,-5,0.10501775131675628,-0.3454966306753089,-0.24218993038102027,2,8.670072205876869
TXN-0436,Riyadh Logistics,Logistics,Net 60,2023-07-30,2023-09-28,2023-10-08,10501.53,10501.53,Normal,0,10,70,1.0,-0.27387294696347453,-0.1447914214646841,6,9.259371459502205
TXN-0080,Gulf Trading Co.,Operations,Net 60,2023-07-31,2023-09-29,2023-09-24,2018.17,2018.17,Normal,0,-5,55,1.0,-0.3010422274443296,-0.3214720971251496,8,7.610441814867267
TXN-0503,Jeddah Wholesale,Procurement,Immediate,2023-07-31,2023-07-31,2023-08-08,3232.94,863.8,Partial Payment,1,8,8,0.2671871423533997,-0.6992227197437378,-0.2961724063926965,7,8.08145648708925
TXN-0288,Jeddah Wholesale,IT,Net 15,2023-08-01,2023-08-16,2023-08-19,15845.71,15845.71,Normal,0,3,18,1.0,0.0023886735701178197,-0.033489610242344585,4,9.67071718678167
TXN-0104,KSA Office Depot,Procurement,Net 15,2023-08-01,2023-08-16,2023-08-17,5209.18,5209.18,Normal,0,1,16,1.0,-0.6352308152867868,-0.2550137831034292,3,8.55836968309495
TXN-0431,Aramco Services,Finance,Net 30,2023-08-02,2023-09-01,2023-09-05,3840.64,3840.64,Normal,0,4,34,1.0,-1.0661629351300388,-0.28351600060550075,5,8.253654637740977
TXN-0349,Madinah Goods,IT,Immediate,2023-08-05,2023-08-05,2023-08-03,5570.53,5570.53,Normal,0,-2,-2,1.0,-0.632581680333454,-0.24748804304879177,5,8.625424981018964
TXN-0369,SABIC Materials,Logistics,Net 30,2023-08-09,2023-09-08,2023-09-08,10701.52,10701.52,Normal,0,0,30,1.0,-0.19987769403750114,-0.14062628308492225,7,9.278234506739617
TXN-0216,Noor Packaging,Finance,Net 90,2023-08-09,2023-11-07,2023-11-06,18163.61,18163.61,Normal,0,-1,89,1.0,0.02686627735242124,0.014784674724153735,3,9.807230474565202
TXN-0180,SABIC Materials,IT,Net 30,2023-08-10,2023-09-09,2023-09-14,87215.32,87215.32,Normal,0,5,35,1.0,5.159228493073039,1.452906218347261,7,11.376146748348882
TXN-0088,Al-Rajhi Supplies,Procurement,Immediate,2023-08-11,2023-08-11,2023-08-17,12874.46,12874.46,Normal,0,6,6,1.0,-0.18126566232663013,-0.09537104136823787,2,9.463078453049041
TXN-0184,Noor Packaging,Operations,Immediate,2023-08-12,2023-08-12,2023-08-22,14559.19,14559.19,Normal,0,10,10,1.0,-0.1005251252821427,-0.06028361908444274,3,9.586046371116083
TXN-0296,SABIC Materials,Logistics,Net 30,2023-08-12,2023-09-11,2023-09-06,5685.49,5685.49,Normal,0,-5,25,1.0,-0.5512056558918604,-0.245093801796042,7,8.645848465072
TXN-0121,Jeddah Wholesale,Operations,Net 90,2023-08-12,2023-11-10,2023-11-20,18635.54,18635.54,Normal,0,10,100,1.0,0.1575787320115859,0.02461343493996958,4,9.832879448692031
TXN-0318,Al-Rajhi Supplies,Operations,Net 15,2023-08-13,2023-08-28,2023-08-28,7721.68,7721.68,Normal,0,0,15,1.0,-0.3013083954819431,-0.20268661584930825,2,8.95191673303518
TXN-0336,Gulf Trading Co.,Finance,Immediate,2023-08-14,2023-08-14,2023-08-23,8798.65,8798.65,Normal,0,9,9,1.0,-0.20755820398906608,-0.18025684895670302,3,9.082467226948069
TXN-0405,SABIC Materials,Procurement,Net 60,2023-08-14,2023-10-13,2023-10-21,6904.63,6904.63,Normal,0,8,68,1.0,-0.4658158214181584,-0.21970309823934983,7,8.840092299914602
TXN-0378,Jeddah Wholesale,Finance,Net 90,2023-08-16,2023-11-14,2023-11-11,11460.64,11460.64,Normal,0,-3,87,1.0,-0.24153990615335205,-0.12481629335121151,4,9.346761086487222
TXN-0214,Eastern Retail Ltd,Procurement,Net 30,2023-08-16,2023-09-15,2023-09-15,16665.78,16665.78,Normal,0,0,30,1.0,-0.12733161396733653,-0.01641023111793187,2,9.721172795719053
TXN-0372,Riyadh Logistics,Logistics,Net 90,2023-08-17,2023-11-15,2023-11-11,14741.16,14741.16,Normal,0,-4,86,1.0,0.10734233383132318,-0.056493778437584095,4,9.598466695034524
TXN-0371,Aramco Services,Finance,Net 90,2023-08-17,2023-11-15,2023-11-23,10093.11,10093.11,Normal,0,8,98,1.0,-0.29552875354024977,-0.1532974758527152,5,9.219707364403739
TXN-0005,Madinah Goods,Logistics,Net 60,2023-08-18,2023-10-17,2023-10-20,8206.46,8206.46,Normal,0,3,63,1.0,-0.41224876559134577,-0.19259023211141663,5,9.012798775772644
TXN-0172,Riyadh Logistics,Procurement,Net 15,2023-08-19,2023-09-03,2023-09-13,5153.09,5153.09,Normal,0,10,25,1.0,-0.754789219471719,-0.2561819545706068,4,8.547545853225158
TXN-0421,SABIC Materials,Logistics,Immediate,2023-08-19,2023-08-19,2023-08-22,51461.97,51461.97,Normal,0,3,3,1.0,2.6550266471978023,0.7082807356228328,7,10.848617798900191
TXN-0392,Riyadh Logistics,Finance,Net 30,2023-08-19,2023-09-18,2023-09-27,14669.64,14669.64,Normal,0,9,39,1.0,0.10091146206127624,-0.05798330639858499,4,9.593603496633955
TXN-0316,Madinah Goods,Operations,Net 30,2023-08-19,2023-09-18,2023-09-16,10064.84,10064.84,Normal,0,-2,28,1.0,-0.256909935615421,-0.15388624760128197,5,9.216902792117587
TXN-0268,Madinah Goods,Operations,Net 15,2023-08-20,2023-09-04,2023-09-06,3152.3,3152.3,Normal,0,2,17,1.0,-0.8347174215772687,-0.2978518741608049,5,8.056204802497419
TXN-0013,SABIC Materials,Logistics,Net 90,2023-08-21,2023-11-19,2023-11-25,12010.9,12010.9,Normal,0,6,96,1.0,-0.10816735604254084,-0.11335617512106122,7,9.393653104060244
TXN-0426,Aramco Services,Logistics,Immediate,2023-08-22,2023-08-22,2023-08-21,29581.52,29581.52,Normal,0,-1,-1,1.0,2.1064715584702447,0.2525824404007707,5,10.294938925333868
TXN-0208,Jeddah Wholesale,Procurement,Immediate,2023-08-22,2023-08-22,2023-08-17,14928.52,14928.52,Normal,0,-5,-5,1.0,-0.048631915391191584,-0.05259168169858623,4,9.611095739982924
TXN-0063,Eastern Retail Ltd,Operations,Net 90,2023-08-23,2023-11-21,2023-11-26,4084.41,4084.41,Normal,0,5,95,1.0,-0.22946918124946394,-0.27843906784468997,2,8.315177369454716
TXN-0351,Gulf Trading Co.,Logistics,Immediate,2023-08-23,2023-08-23,2023-08-20,12691.99,12691.99,Normal,0,-3,-3,1.0,-0.15387983787349377,-0.09917129538171426,3,9.448805151552051
TXN-0220,Gulf Trading Co.,Logistics,Net 90,2023-08-24,2023-11-22,2023-11-25,10567.09,10567.09,Normal,0,3,93,1.0,-0.1831763185710387,-0.14342602083376663,3,9.265594362441448
TXN-0311,Madinah Goods,Procurement,Net 90,2023-08-25,2023-11-23,2023-12-02,8315.32,8315.32,Normal,0,9,99,1.0,-0.40314934295917193,-0.19032303393140323,5,9.025975128276047
TXN-0307,SABIC Materials,Operations,Net 15,2023-08-26,2023-09-10,2023-09-19,27505.24,27505.24,Normal,0,9,24,1.0,0.9770723439748981,0.20934031071862697,7,10.222168167005599
TXN-0512,Aramco Services,IT,Net 15,2023-08-27,2023-09-11,2023-12-31,9507.25,9507.25,Late Payment,1,111,126,1.0,-0.3677376152582899,-0.16549902578604825,5,9.159915121781868
TXN-0143,KSA Office Depot,IT,Net 15,2023-08-27,2023-09-11,2023-09-19,2735.35,2735.35,Normal,0,8,23,1.0,-0.8442627069202007,-0.30653558058333447,3,7.914380194537475
TXN-0046,Aramco Services,Logistics,Net 15,2023-08-28,2023-09-12,2023-09-08,5564.29,5564.29,Normal,0,-4,11,1.0,-0.8537183161079178,-0.24761800186418106,5,8.624304373762495
TXN-0183,KSA Office Depot,Procurement,Net 60,2023-08-29,2023-10-28,2023-11-06,4201.87,4201.87,Normal,0,9,69,1.0,-0.7203457644794372,-0.27599275975885157,3,8.343522904238876
TXN-0309,Riyadh Logistics,Logistics,Net 30,2023-08-29,2023-09-28,2023-10-07,15331.7,15331.7,Normal,0,9,39,1.0,0.16044198448964955,-0.04419475939270902,4,9.637743081602249
TXN-0153,Noor Packaging,IT,Net 90,2023-08-31,2023-11-29,2023-12-05,5744.4,5744.4,Normal,0,6,96,1.0,-0.4120671936396393,-0.24386689894114041,3,8.656154813620628
TXN-0259,Madinah Goods,Procurement,Net 30,2023-09-01,2023-10-01,2023-10-10,14115.88,14115.88,Normal,0,9,39,1.0,0.08170962216375746,-0.06951631819505943,3,9.555126523458469
TXN-0464,SABIC Materials,Operations,Net 60,2023-09-02,2023-11-01,2023-11-06,11745.01,11745.01,Normal,0,5,65,1.0,-0.12679056837928032,-0.1188937952210406,5,9.371268887435754
TXN-0162,KSA Office Depot,Finance,Net 15,2023-09-03,2023-09-18,2023-09-27,18576.78,18576.78,Normal,0,9,24,1.0,0.4942949462242397,0.023389656095053262,2,9.829721521913736
TXN-0262,Jeddah Wholesale,Procurement,Net 30,2023-09-03,2023-10-03,2023-10-10,9436.87,9436.87,Normal,0,7,37,1.0,-0.3541162941669907,-0.1669648112711607,4,9.152485598086786
TXN-0052,Riyadh Logistics,Logistics,Net 15,2023-09-04,2023-09-19,2023-09-20,7273.07,7273.07,Normal,0,1,16,1.0,-0.5641667427510251,-0.2120296966460729,3,8.892071248816551
TXN-0202,Riyadh Logistics,Logistics,Immediate,2023-09-05,2023-09-05,2023-09-11,15500.5,15500.5,Normal,0,6,6,1.0,0.1756199928059794,-0.04067920682256152,3,9.648692072418566
TXN-0147,Jeddah Wholesale,Finance,Net 60,2023-09-07,2023-11-06,2023-11-07,3679.16,3679.16,Normal,0,1,61,1.0,-0.6744008102088372,-0.2868791014883646,4,8.210711508478694
TXN-0290,SABIC Materials,Finance,Immediate,2023-09-07,2023-09-07,2023-09-11,6013.97,6013.97,Normal,0,4,4,1.0,-0.5281985748118191,-0.23825263646285447,5,8.70200664086517
TXN-0164,SABIC Materials,Procurement,Net 15,2023-09-09,2023-09-24,2023-09-21,5133.04,5133.04,Normal,0,-3,12,1.0,-0.5898998288785532,-0.25659953057197793,5,8.543648152596683
TXN-0179,Noor Packaging,IT,Immediate,2023-09-10,2023-09-10,2023-09-19,8008.63,8008.63,Normal,0,9,9,1.0,-0.3320422699106458,-0.19671038474738983,3,8.988399846735835
TXN-0206,Eastern Retail Ltd,Logistics,Net 60,2023-09-11,2023-11-10,2023-11-06,4673.86,4673.86,Normal,0,-4,56,1.0,-0.2246839321840243,-0.26616274993904154,4,8.449954494750317
TXN-0196,Jeddah Wholesale,Procurement,Net 60,2023-09-13,2023-11-12,2023-11-16,13470.45,13470.45,Normal,0,4,64,1.0,-0.12974007198559023,-0.08295851662722946,4,9.508327910233051
TXN-0413,Jeddah Wholesale,IT,Net 15,2023-09-13,2023-09-28,2023-10-02,2900.7,2900.7,Normal,0,4,19,1.0,-0.7177042562590786,-0.30309188024284933,4,7.973052051118972
TXN-0343,Eastern Retail Ltd,Procurement,Net 15,2023-09-15,2023-09-30,2023-10-06,12039.8,12039.8,Normal,0,6,21,1.0,-0.1648860570443445,-0.11275428253055612,4,9.396056161838153
TXN-0071,Aramco Services,Operations,Net 90,2023-09-16,2023-12-15,2023-12-25,13215.11,13215.11,Normal,0,10,100,1.0,0.08926636181789195,-0.08827641469157464,2,9.489191818970673
TXN-0065,SABIC Materials,IT,Net 60,2023-09-17,2023-11-16,2023-11-19,18958.75,18958.75,Normal,0,3,63,1.0,0.37846728923864975,0.03134484338900616,5,9.850073590068073
TXN-0424,Riyadh Logistics,Operations,Immediate,2023-09-18,2023-09-18,2023-09-25,21531.17,21531.17,Normal,0,7,7,1.0,0.7178804158690208,0.08491994849859649,3,9.977303374875392
TXN-0199,Eastern Retail Ltd,Operations,Immediate,2023-09-18,2023-09-18,2023-09-17,10368.91,10368.91,Normal,0,-1,-1,1.0,-0.17845060842436383,-0.1475534628263723,4,9.246663622304522
TXN-0089,Aramco Services,Logistics,Immediate,2023-09-19,2023-09-19,2023-09-17,6478.16,6478.16,Normal,0,-2,-2,1.0,-0.7410813167253603,-0.2285850751622812,2,8.776346151314044
TXN-0477,KSA Office Depot,Logistics,Net 30,2023-09-19,2023-10-19,2023-10-28,15697.32,15697.32,Normal,0,9,39,1.0,0.2509884252900002,-0.03658008918715612,2,9.661308979241383
TXN-0478,Al-Rajhi Supplies,Logistics,Net 60,2023-09-20,2023-11-19,2023-11-27,12695.47,12695.47,Normal,0,8,68,1.0,-0.18543553738581556,-0.09909881835005482,2,9.44907928105475
TXN-0374,SABIC Materials,Logistics,Net 90,2023-09-20,2023-12-19,2023-12-19,21320.34,21320.34,Normal,0,0,90,1.0,0.5438755107675554,0.08052904833056218,5,9.967463728087054
TXN-0042,Al-Rajhi Supplies,Finance,Net 30,2023-09-21,2023-10-21,2023-10-23,11351.38,11351.38,Normal,0,2,32,1.0,-0.21674838932335697,-0.1270918222245191,2,9.337182692557288
TXN-0038,Eastern Retail Ltd,Finance,Net 15,2023-09-22,2023-10-07,2023-10-16,2063.72,2063.72,Normal,0,9,24,1.0,-0.24587346479182234,-0.3205234394262739,4,7.632749902981202
TXN-0458,Noor Packaging,Logistics,Immediate,2023-09-26,2023-09-26,2023-10-06,4323.44,4323.44,Normal,0,10,10,1.0,-0.46228833531780394,-0.2734608537994153,3,8.372037931213965
TXN-0356,Madinah Goods,Finance,Net 30,2023-09-27,2023-10-27,2023-10-22,4438.08,4438.08,Normal,0,-5,25,1.0,-0.7272412537286884,-0.2710732771013009,3,8.398202426748684
TXN-0337,Noor Packaging,Logistics,Immediate,2023-09-28,2023-09-28,2023-10-06,5113.31,5113.31,Normal,0,8,8,1.0,-0.4343718751941326,-0.2570104420187138,3,8.539797771925556
TXN-0036,Madinah Goods,Operations,Net 90,2023-09-28,2023-12-27,2024-01-04,3726.87,3726.87,Normal,0,8,98,1.0,-0.7866900904936006,-0.2858854580457003,3,8.223592303952831
TXN-0398,Riyadh Logistics,Finance,Immediate,2023-10-01,2023-10-01,2023-09-28,29234.3,29234.3,Normal,0,-3,-3,1.0,1.4105236101923064,0.24535098208675044,7,10.283132162229773
TXN-0454,SABIC Materials,IT,Net 60,2023-10-01,2023-11-30,2023-11-26,14812.66,14812.66,Normal,0,-4,56,1.0,0.08807083041269763,-0.05500466701124792,7,9.603305007047531
TXN-0015,SABIC Materials,IT,Net 60,2023-10-01,2023-11-30,2023-12-02,2490.07,2490.07,Normal,0,2,62,1.0,-0.7750161984660988,-0.31164396171133085,7,7.820467616031541
TXN-0352,SABIC Materials,Logistics,Immediate,2023-10-02,2023-10-02,2023-09-27,32218.14,32218.14,Normal,0,-5,-5,1.0,1.307168765133346,0.3074946217840783,7,10.380315964878776
TXN-0486,Aramco Services,Procurement,Net 60,2023-10-03,2023-12-02,2023-12-09,3172.25,3172.25,Normal,0,7,67,1.0,-1.148543847094878,-0.2974363808327572,5,8.062511578268287
TXN-0120,Noor Packaging,Logistics,Net 15,2023-10-03,2023-10-18,2023-10-20,18061.65,18061.65,Normal,0,2,17,1.0,0.023262694137196588,0.012661181003465128,4,9.801601549318576
TXN-0043,Noor Packaging,Logistics,Net 60,2023-10-04,2023-12-03,2023-12-02,9022.54,9022.54,Normal,0,-1,59,1.0,-0.2962075400386523,-0.1755939516526134,4,9.107591997261256
TXN-0494,Eastern Retail Ltd,Logistics,Net 60,2023-10-04,2023-12-03,2023-12-04,4968.99,4968.99,Normal,0,1,61,1.0,-0.22228801979674265,-0.260016156159257,4,8.511173107016216
TXN-0031,Riyadh Logistics,Finance,Net 60,2023-10-04,2023-12-03,2023-11-28,6115.82,6115.82,Normal,0,-5,55,1.0,-0.6682233193154375,-0.23613143368282177,7,8.718797632620298
TXN-0385,Aramco Services,Procurement,Immediate,2023-10-05,2023-10-05,2023-10-09,5392.12,5392.12,Normal,0,4,4,1.0,-0.874938743722015,-0.2512037405253322,5,8.592879346155872
TXN-0439,Jeddah Wholesale,IT,Net 90,2023-10-07,2024-01-05,2024-01-11,2533.34,2533.34,Normal,0,6,96,1.0,-0.7381394153437031,-0.310742788964232,4,7.837688527097443
TXN-0360,Riyadh Logistics,Procurement,Net 90,2023-10-07,2024-01-05,2024-01-10,5106.22,5106.22,Normal,0,5,95,1.0,-0.7590036344586051,-0.2571581035573533,7,8.538410503847867
TXN-0451,SABIC Materials,Operations,Net 30,2023-10-09,2023-11-08,2023-11-08,9413.09,9413.09,Normal,0,0,30,1.0,-0.2901206722278254,-0.1674600709875002,7,9.149962782144835
TXN-0074,Noor Packaging,Operations,Net 15,2023-10-10,2023-10-25,2023-11-02,34603.67,34603.67,Normal,0,8,23,1.0,0.6079090811312231,0.3571774187192915,4,10.451743923036302
TXN-0198,Jeddah Wholesale,Operations,Net 15,2023-10-10,2023-10-25,2023-10-24,11192.29,11192.29,Normal,0,-1,14,1.0,-0.2564674294012803,-0.13040514721495014,4,9.323069770603933
TXN-0171,Riyadh Logistics,Operations,Net 60,2023-10-10,2023-12-09,2023-12-06,4858.03,4858.03,Normal,0,-3,57,1.0,-0.7813201622075977,-0.2623270904790649,7,8.488594108496743
TXN-0339,Al-Rajhi Supplies,Logistics,Net 90,2023-10-11,2024-01-09,2024-01-07,13771.34,13771.34,Normal,0,-2,88,1.0,-0.16037132441343818,-0.0766919608640086,1,9.530417511925968
TXN-0160,Noor Packaging,Procurement,Net 30,2023-10-11,2023-11-10,2023-11-14,16734.75,16734.75,Normal,0,4,34,1.0,-0.0236340748730195,-0.014973811326681408,4,9.72530242889457
TXN-0150,Gulf Trading Co.,Logistics,Net 15,2023-10-12,2023-10-27,2023-10-29,12551.4,12551.4,Normal,0,2,17,1.0,-0.15581818425274355,-0.10209932580728913,2,9.437667161336599
TXN-0107,Madinah Goods,Logistics,Net 30,2023-10-13,2023-11-12,2023-11-14,44754.56,44754.56,Normal,0,2,32,1.0,2.6427448804030647,0.568587296851902,5,10.708970961795186
TXN-0166,SABIC Materials,Operations,Net 30,2023-10-13,2023-11-12,2023-11-20,13769.69,13769.69,Normal,0,8,38,1.0,0.015020126095689777,-0.07672632497384711,7,9.530297699399751
TXN-0423,Eastern Retail Ltd,Finance,Net 90,2023-10-13,2024-01-11,2024-01-17,8109.8,8109.8,Normal,0,6,96,1.0,-0.19679042353374596,-0.19460334414595726,4,9.000951785894308
TXN-0321,SABIC Materials,Finance,Net 30,2023-10-13,2023-11-12,2023-11-19,10695.7,10695.7,Normal,0,7,37,1.0,-0.2002853328949227,-0.1407474946723527,7,9.277690561666525
TXN-0295,Madinah Goods,Operations,Immediate,2023-10-14,2023-10-14,2023-10-20,13168.89,13168.89,Normal,0,6,6,1.0,0.0025523353876939704,-0.08923902630171814,5,9.485688442386577
TXN-0479,Jeddah Wholesale,IT,Net 30,2023-10-14,2023-11-13,2023-11-22,116204.24,116204.24,Normal,0,9,39,1.0,5.5850392780154845,2.0566507219716716,4,11.663113217047586
TXN-0004,Madinah Goods,IT,Net 30,2023-10-15,2023-11-14,2023-11-15,33470.64,33470.64,Normal,0,1,31,1.0,1.6995411597743795,0.33358010516150577,5,10.41845379210863
TXN-0217,Gulf Trading Co.,IT,Net 15,2023-10-17,2023-11-01,2023-11-01,5333.38,5333.38,Normal,0,0,15,1.0,-0.2553346714307252,-0.25242710283558367,2,8.581927943299297
TXN-0096,Eastern Retail Ltd,Operations,Immediate,2023-10-19,2023-10-19,2023-10-23,3069.25,3069.25,Normal,0,4,4,1.0,-0.23771041195821221,-0.2995815343560107,4,8.029514270490493
TXN-0204,Aramco Services,Operations,Net 60,2023-10-20,2023-12-19,2023-12-26,22995.22,22995.22,Normal,0,7,67,1.0,1.294691908155277,0.11541132729198791,5,10.043085133578616
TXN-0434,Riyadh Logistics,Operations,Net 30,2023-10-21,2023-11-20,2023-11-18,17571.5,17571.5,Normal,0,-2,28,1.0,0.361838329435833,0.0024529577080989735,7,9.774090459050061
TXN-0225,Eastern Retail Ltd,IT,Net 90,2023-10-22,2024-01-20,2024-01-24,6784.9,6784.9,Normal,0,4,94,1.0,-0.20754617293878613,-0.2221966830096328,4,8.822602209013963
TXN-0297,Jeddah Wholesale,Procurement,Net 90,2023-10-22,2024-01-20,2024-01-28,20326.48,20326.48,Normal,0,8,98,1.0,0.25164076354075277,0.05983019123715693,4,9.919728944192688
TXN-0135,Riyadh Logistics,Finance,Net 30,2023-10-24,2023-11-23,2023-11-18,4743.17,4743.17,Normal,0,-5,25,1.0,-0.7916480415631287,-0.26471924905849104,7,8.46467177477413
TXN-0399,Madinah Goods,Operations,Immediate,2023-10-25,2023-10-25,2023-10-24,9030.55,9030.55,Normal,0,-1,-1,1.0,-0.34336448121739654,-0.17542712951939732,5,9.108479281736217
TXN-0219,KSA Office Depot,Operations,Net 15,2023-10-26,2023-11-10,2023-11-09,6712.38,6712.38,Normal,0,-1,14,1.0,-0.5082145128313442,-0.22370703770386913,1,8.8118578289209
TXN-0076,Madinah Goods,Procurement,Net 90,2023-10-26,2024-01-24,2024-01-23,19101.5,19101.5,Normal,0,-1,89,1.0,0.4984491358824639,0.03431785955836964,5,9.857574495521721
TXN-0057,Aramco Services,Procurement,Net 30,2023-10-27,2023-11-26,2023-12-06,5057.49,5057.49,Normal,0,10,40,1.0,-0.916182814654845,-0.2581729902679178,5,8.528823298773377
TXN-0273,Riyadh Logistics,IT,Net 30,2023-10-28,2023-11-27,2023-12-02,25097.69,25097.69,Normal,0,5,35,1.0,1.0385715901602355,0.15919890911756862,7,10.130570932522806
TXN-0245,Aramco Services,IT,Net 15,2023-10-28,2023-11-12,2023-11-11,3788.64,3788.64,Normal,0,-1,14,1.0,-1.0725720786273556,-0.2845989907337452,5,8.240026306757551
TXN-0222,SABIC Materials,Logistics,Net 90,2023-10-28,2024-01-26,2024-01-30,2222.06,2222.06,Normal,0,4,94,1.0,-0.7937878978093219,-0.3172257344857694,7,7.706639904153264
TXN-0313,SABIC Materials,Procurement,Immediate,2023-11-01,2023-11-01,2023-11-08,19155.27,19155.27,Normal,0,7,7,1.0,0.3922317545755036,0.03543771300444093,6,9.860385356163754
TXN-0285,Noor Packaging,Finance,Immediate,2023-11-02,2023-11-02,2023-10-30,54525.66,54525.66,Normal,0,-3,-3,1.0,1.312014110337519,0.7720873899690132,7,10.906445035356512
TXN-0416,Al-Rajhi Supplies,Finance,Net 15,2023-11-02,2023-11-17,2023-11-27,5438.24,5438.24,Normal,0,10,25,1.0,-0.3545049958794311,-0.2502432115885122,3,8.60139462420786
TXN-0331,Aramco Services,IT,Net 60,2023-11-02,2024-01-01,2024-01-08,9800.64,9800.64,Normal,0,7,67,1.0,-0.3315764881298706,-0.1593886705220934,3,9.190304997596503
TXN-0496,KSA Office Depot,Finance,Immediate,2023-11-03,2023-11-03,2023-11-08,15231.61,15231.61,Normal,0,5,5,1.0,0.21163719976011455,-0.046279307122247315,2,9.631193803498183
TXN-0291,Al-Rajhi Supplies,Operations,Net 15,2023-11-03,2023-11-18,2023-11-14,8379.15,8379.15,Normal,0,-4,11,1.0,-0.2859915188119468,-0.18899366354898312,3,9.033621093077267
TXN-0306,Noor Packaging,Operations,Net 60,2023-11-05,2024-01-04,2024-01-03,10871.09,10871.09,Normal,0,-1,59,1.0,-0.2308740391313987,-0.13709469393018345,7,9.293954233942411
TXN-0134,Aramco Services,Operations,Immediate,2023-11-07,2023-11-07,2023-11-05,14456.13,14456.13,Normal,0,-2,-2,1.0,0.2422255014917422,-0.06243002221169042,3,9.57894299745173
TXN-0098,Gulf Trading Co.,Logistics,Immediate,2023-11-07,2023-11-07,2023-11-12,12195.77,12195.77,Normal,0,5,5,1.0,-0.1607213361330522,-0.10950593694781968,3,9.408926441569434
TXN-0264,SABIC Materials,Procurement,Net 90,2023-11-08,2024-02-06,2024-02-05,4361.14,4361.14,Normal,0,-1,89,1.0,-0.6439645082675083,-0.2726756859564381,6,8.380718041615626
TXN-0218,Riyadh Logistics,Operations,Net 30,2023-11-09,2023-12-09,2023-12-16,8188.98,8188.98,Normal,0,7,37,1.0,-0.4818107617260859,-0.19295428340837265,6,9.010666734841692
TXN-0389,Jeddah Wholesale,IT,Net 60,2023-11-10,2024-01-09,2024-01-06,21169.97,21169.97,Normal,0,-3,57,1.0,0.29856163771401567,0.07739733245394442,3,9.960386182635203
TXN-0469,SABIC Materials,Finance,Net 90,2023-11-11,2024-02-09,2024-02-11,6474.32,6474.32,Normal,0,2,92,1.0,-0.4959551816822616,-0.2286650498179054,6,8.77575330619599
TXN-0354,Noor Packaging,Logistics,Net 30,2023-11-11,2023-12-11,2023-12-17,8708.45,8708.45,Normal,0,6,36,1.0,-0.30730845659485,-0.1821354202945425,7,9.072163922043353
TXN-0347,Riyadh Logistics,Logistics,Net 15,2023-11-12,2023-11-27,2023-11-22,3107.37,3107.37,Normal,0,-5,10,1.0,-0.9387344515385583,-0.2987876192850746,6,8.04185375202098
TXN-0246,Eastern Retail Ltd,Procurement,Net 15,2023-11-12,2023-11-27,2023-12-05,7573.41,7573.41,Normal,0,8,23,1.0,-0.20114492306078158,-0.20577459558613154,4,8.93253073955538
TXN-0402,Gulf Trading Co.,IT,Net 15,2023-11-13,2023-11-28,2023-11-23,6127.24,6127.24,Normal,0,-5,10,1.0,-0.24438954264040427,-0.23589359238927268,3,8.72066287514438
TXN-0212,Jeddah Wholesale,IT,Net 30,2023-11-13,2023-12-13,2023-12-10,24549.64,24549.64,Normal,0,-3,27,1.0,0.48656276495577444,0.14778481796786874,3,10.108493202129306
TXN-0064,SABIC Materials,Procurement,Net 15,2023-11-15,2023-11-30,2023-11-28,3801.06,3801.06,Normal,0,-2,13,1.0,-0.68319309439546,-0.2843403227069607,6,8.24329830409166
TXN-0123,Riyadh Logistics,Logistics,Net 60,2023-11-15,2024-01-14,2024-01-09,30401.14,30401.14,Normal,0,-5,55,1.0,1.5154424918500458,0.2696524474952275,6,10.322268279653562
TXN-0131,Gulf Trading Co.,Operations,Net 30,2023-11-15,2023-12-15,2023-12-14,2862.55,2862.55,Normal,0,-1,29,1.0,-0.2894005678973425,-0.3038864201157826,3,7.959817392830412
TXN-0265,SABIC Materials,Operations,Net 90,2023-11-16,2024-02-14,2024-02-19,8086.45,8086.45,Normal,0,5,95,1.0,-0.38303991858689174,-0.19508964836700546,6,8.998068756409829
TXN-0112,Noor Packaging,IT,Net 15,2023-11-17,2023-12-02,2023-12-04,9689.41,9689.41,Normal,0,2,17,1.0,-0.27263828210674884,-0.16170522805987486,7,9.178892015651206
TXN-0361,Riyadh Logistics,Logistics,Net 15,2023-11-20,2023-12-05,2023-12-05,14995.08,14995.08,Normal,0,0,15,1.0,0.13017408662565078,-0.05120545433443329,6,9.615544112597508
TXN-0303,Riyadh Logistics,Procurement,Immediate,2023-11-21,2023-11-21,2023-11-19,17994.74,17994.74,Normal,0,-2,-2,1.0,0.3998948474441476,0.011267664282679763,6,9.79789034220166
TXN-0072,Noor Packaging,Procurement,Net 30,2023-11-21,2023-12-21,2023-12-29,33874.89,33874.89,Normal,0,8,38,1.0,0.5821517314294632,0.34199931207194495,7,10.430458830899601
TXN-0241,KSA Office Depot,Operations,Net 30,2023-11-22,2023-12-22,2023-12-31,5250.0,5250.0,Normal,0,9,39,1.0,-0.6317816365572557,-0.2541636358527573,2,8.566173813637858
TXN-0397,SABIC Materials,Finance,Net 60,2023-11-22,2024-01-21,2024-01-24,2513.65,2513.65,Normal,0,3,63,1.0,-0.7733646307241743,-0.31115286734163844,6,7.829888907839551
TXN-0357,Eastern Retail Ltd,Logistics,Net 30,2023-11-22,2023-12-22,2023-12-29,9751.63,9751.63,Normal,0,7,37,1.0,-0.18346178586624112,-0.16040938871796387,4,9.185292271207375
TXN-0403,Jeddah Wholesale,IT,Net 90,2023-11-25,2024-02-23,2024-02-27,9938.73,9938.73,Normal,0,4,94,1.0,-0.326199294661847,-0.15651270692960723,3,9.204295136303832
TXN-0401,Al-Rajhi Supplies,Procurement,Net 30,2023-11-25,2023-12-25,2023-12-28,2764.07,2764.07,Normal,0,3,33,1.0,-0.41680431308721855,-0.3059374368048118,3,7.924821230091675
TXN-0325,Noor Packaging,IT,Net 15,2023-11-26,2023-12-11,2023-12-16,4425.71,4425.71,Normal,0,5,20,1.0,-0.4586737957393317,-0.2713309037914237,7,8.395411923471029
TXN-0326,Riyadh Logistics,IT,Net 30,2023-11-27,2023-12-27,2024-01-04,3746.77,3746.77,Normal,0,8,38,1.0,-0.881241450842697,-0.28547100605431436,6,8.22891627541344
TXN-0453,Noor Packaging,Finance,Net 90,2023-11-27,2024-02-25,2024-02-21,4498.14,4498.14,Normal,0,-4,86,1.0,-0.45611389448120376,-0.26982242350317853,7,8.411641546383244
TXN-0317,Aramco Services,Procurement,Immediate,2023-11-27,2023-11-27,2023-11-27,17078.27,17078.27,Normal,0,0,0,1.0,0.5654114924543298,-0.007819411925632392,3,9.74562072638234
TXN-0511,Eastern Retail Ltd,Logistics,Immediate,2023-11-29,2023-11-29,2023-12-05,274472.15,274472.15,High Amount,1,6,6,1.0,1.965581595137557,5.35285426327721,4,12.522608720939951
TXN-0452,Eastern Retail Ltd,Logistics,Net 15,2023-11-30,2023-12-15,2023-12-16,21250.04,21250.04,Normal,0,1,16,1.0,-0.09011586050099975,0.07906492898410858,4,9.964161114331453
TXN-0019,KSA Office Depot,Finance,Net 60,2023-12-02,2024-01-31,2024-02-10,4786.62,4786.62,Normal,0,10,70,1.0,-0.6709359834384445,-0.26381432749940986,6,8.473788698448924
TXN-0061,KSA Office Depot,Procurement,Net 15,2023-12-03,2023-12-18,2023-12-23,6745.7,6745.7,Normal,0,5,20,1.0,-0.5053990636577044,-0.22301309095246324,6,8.81680877543255
TXN-0522,KSA Office Depot,IT,Net 15,2023-12-04,2023-12-19,2024-02-18,15285.93,15285.93,Late Payment,1,61,76,1.0,0.21622709169025,-0.045147998972896536,6,9.634753493936453
TXN-0100,Madinah Goods,Logistics,Net 60,2023-12-04,2024-02-02,2024-01-30,8203.62,8203.62,Normal,0,-3,57,1.0,-0.4124861563710202,-0.19264938003380533,5,9.012452689228057
TXN-0170,Gulf Trading Co.,Operations,Net 90,2023-12-05,2024-03-04,2024-03-01,5415.45,5415.45,Normal,0,-3,87,1.0,-0.2542031536318417,-0.2507178528389486,4,8.597195898289753
TXN-0139,Aramco Services,IT,Net 15,2023-12-05,2023-12-20,2023-12-26,18973.79,18973.79,Normal,0,6,21,1.0,0.7990395632626786,0.031658077456867655,2,9.850866535008914
TXN-0287,SABIC Materials,Finance,Net 15,2023-12-05,2023-12-20,2023-12-28,8765.44,8765.44,Normal,0,8,23,1.0,-0.3354827522981152,-0.180948504767453,3,9.078686073650179
TXN-0497,Gulf Trading Co.,Finance,Net 60,2023-12-05,2024-02-03,2024-02-05,4316.51,4316.51,Normal,0,2,62,1.0,-0.2693544899289663,-0.2736051830607371,4,8.370434126173334
TXN-0124,Eastern Retail Ltd,IT,Immediate,2023-12-06,2023-12-06,2023-12-01,3224.45,3224.45,Normal,0,-5,-5,1.0,-0.23645047361746027,-0.2963492253578656,6,8.078827754379507
TXN-0092,Aramco Services,Logistics,Net 30,2023-12-07,2024-01-06,2024-01-11,21480.83,21480.83,Normal,0,5,35,1.0,1.1080391615994742,0.08387153074752296,2,9.974962740524594
TXN-0274,SABIC Materials,Logistics,Net 90,2023-12-07,2024-03-06,2024-03-14,9978.48,9978.48,Normal,0,8,98,1.0,-0.2505201681732572,-0.15568484428349724,3,9.208286263739621
TXN-0068,KSA Office Depot,IT,Net 30,2023-12-08,2024-01-07,2024-01-11,22088.81,22088.81,Normal,0,4,34,1.0,0.7910519078478351,0.09653376802002463,6,10.00287169520017
TXN-0122,Al-Rajhi Supplies,Logistics,Net 90,2023-12-09,2024-03-08,2024-03-15,4781.41,4781.41,Normal,0,7,97,1.0,-0.36980696266598206,-0.26392283477956663,7,8.472699882527822
TXN-0132,Gulf Trading Co.,Operations,Net 15,2023-12-09,2023-12-24,2023-12-22,10455.15,10455.15,Normal,0,-2,13,1.0,-0.18471966086916247,-0.14575736535214528,4,9.254945601031302
TXN-0506,Al-Rajhi Supplies,Finance,Net 15,2023-12-11,2023-12-26,2023-12-22,301261.97,301261.97,High Amount,1,-4,11,1.0,6.537209589528708,5.910798697843494,7,12.615738816802116
TXN-0488,Al-Rajhi Supplies,Finance,Net 15,2023-12-11,2023-12-26,2024-01-03,4166.21,4166.21,Normal,0,8,23,1.0,-0.38413908812780045,-0.27673544106602843,7,8.335002026120941
TXN-0279,Madinah Goods,IT,Immediate,2023-12-12,2023-12-12,2023-12-07,10465.52,10465.52,Normal,0,-5,-5,1.0,-0.22341777448865818,-0.14554139212849343,5,9.255936870391203
TXN-0099,Jeddah Wholesale,Logistics,Net 15,2023-12-12,2023-12-27,2023-12-28,9937.7,9937.7,Normal,0,1,16,1.0,-0.3262565905401602,-0.15653415846483973,2,9.204191506389305
TXN-0221,Al-Rajhi Supplies,Logistics,Net 90,2023-12-13,2024-03-12,2024-03-12,63052.74,63052.74,Normal,0,0,90,1.0,0.9877223162466019,0.9496786104065331,7,11.051742657635408
TXN-0375,Al-Rajhi Supplies,Operations,Immediate,2023-12-14,2023-12-14,2023-12-23,55411.7,55411.7,Normal,0,9,9,1.0,0.8097113540574393,0.7905407086849697,7,10.922564088340728
TXN-0476,Madinah Goods,Logistics,Net 30,2023-12-15,2024-01-14,2024-01-15,8109.34,8109.34,Normal,0,1,31,1.0,-0.42036686154979436,-0.19461292444324554,5,9.000895069781862
TXN-0472,Madinah Goods,Operations,Net 60,2023-12-15,2024-02-13,2024-02-10,1569.42,1569.42,Normal,0,-3,57,1.0,-0.967027674158706,-0.3308180936645672,5,7.359098378489916
TXN-0485,Eastern Retail Ltd,Logistics,Net 30,2023-12-16,2024-01-15,2024-01-14,5404.13,5404.13,Normal,0,-1,29,1.0,-0.2187554839101782,-0.2509536114591741,6,8.595103781587953
TXN-0078,Al-Rajhi Supplies,Finance,Net 60,2023-12-16,2024-02-14,2024-02-16,7791.54,7791.54,Normal,0,2,62,1.0,-0.2996808885171144,-0.20123166026547823,7,8.960922144769158
TXN-0528,Gulf Trading Co.,Operations,Net 90,2023-12-17,2024-03-16,2024-03-13,10285.27,3045.68,Partial Payment,1,-3,87,0.2961205685412245,-0.18706183515543423,-0.14929541079418707,4,9.238565275261209
TXN-0210,Noor Packaging,Finance,Immediate,2023-12-21,2023-12-21,2023-12-28,215816.8,215816.8,Normal,0,7,7,1.0,7.012544169855504,4.131254935994023,1,12.28218981218585
TXN-0500,Eastern Retail Ltd,IT,Net 90,2023-12-23,2024-03-22,2024-03-30,3273.98,3273.98,Normal,0,8,98,1.0,-0.23604838118178087,-0.29531767726071273,6,8.094067041180477
TXN-0118,Eastern Retail Ltd,Logistics,Immediate,2023-12-23,2023-12-23,2023-12-18,3885.7,3885.7,Normal,0,-5,-5,1.0,-0.23108234070623465,-0.2825775480059104,6,8.265315747528929
TXN-0509,Al-Rajhi Supplies,Logistics,Net 60,2023-12-25,2024-02-21,2024-02-22,25000.0,25000.0,Duplicate Vendor,1,1,59,1.0,0.10121931909778037,0.1571643455477955,7,10.12667110305036
TXN-0133,KSA Office Depot,Operations,Net 15,2023-12-25,2024-01-09,2024-01-12,4230.85,4230.85,Normal,0,3,18,1.0,-0.7178970334754731,-0.27538920102968756,6,8.350394528675569
TXN-0178,SABIC Materials,Logistics,Net 90,2023-12-25,2024-03-24,2024-03-31,31660.57,31660.57,Normal,0,7,97,1.0,1.2681159820177874,0.2958822601339767,3,10.36285892159273
TXN-0530,Jeddah Wholesale,Procurement,Net 30,2023-12-26,2024-01-25,2024-01-25,0.0,0.0,Zero Amount,1,0,30,0.0,-0.8790616875438402,-0.36350398533898015,2,0.0
TXN-0471,KSA Office Depot,Finance,Net 15,2023-12-26,2024-01-10,2024-01-20,7942.3,7942.3,Normal,0,10,25,1.0,-0.40428962544709857,-0.19809182196289865,6,8.98008408502477
TXN-0473,Madinah Goods,Logistics,Immediate,2023-12-27,2023-12-27,2024-01-02,2944.95,2944.95,Normal,0,6,6,1.0,-0.8520494561425932,-0.30217029729717976,5,7.988186624712898
TXN-0159,Riyadh Logistics,Finance,Net 30,2023-12-29,2024-01-28,2024-01-27,3816.0,3816.0,Normal,0,-1,29,1.0,-0.8750164892565625,-0.2840291713124227,1,8.247220052745229
TXN-0324,Eastern Retail Ltd,Operations,Immediate,2023-12-29,2023-12-29,2023-12-26,52781.17,52781.17,Normal,0,-3,-3,1.0,0.16585887928143297,0.7357553621070662,6,10.873928723270511
TXN-0263,Eastern Retail Ltd,Procurement,Net 15,2023-12-31,2024-01-15,2024-01-24,740.25,740.25,Normal,0,9,24,1.0,-0.2566176052289033,-0.34808699606142274,6,6.6083379503119355
TXN-0037,Gulf Trading Co.,IT,Net 60,2024-01-01,2024-03-01,2024-03-05,11697.04,11697.04,Normal,0,4,64,1.0,-0.16759744033479657,-0.11989285361434614,5,9.367176585385055
TXN-0113,Noor Packaging,Logistics,Net 30,2024-01-01,2024-01-31,2024-02-04,10385.69,10385.69,Normal,0,4,34,1.0,-0.24802958339061856,-0.14720399024268108,5,9.248280457783885
TXN-0353,Madinah Goods,IT,Net 60,2024-01-03,2024-03-03,2024-03-02,19655.8,19655.8,Normal,0,-1,59,1.0,0.544782132070356,0.04586211779079122,3,9.886178613413492
TXN-0390,SABIC Materials,Finance,Net 15,2024-01-03,2024-01-18,2024-01-28,6238.39,6238.39,Normal,0,10,25,1.0,-0.5124799644368103,-0.23357870099015007,5,8.738637700174747
TXN-0093,KSA Office Depot,Finance,Net 30,2024-01-04,2024-02-03,2024-02-07,5644.05,5644.05,Normal,0,4,34,1.0,-0.5984854856907262,-0.24595686162131994,5,8.638534333940461
TXN-0517,Aramco Services,Finance,Net 15,2024-01-06,2024-01-21,2024-04-19,14775.62,14775.62,Late Payment,1,89,104,1.0,0.2816035256447766,-0.055776089210289745,3,9.600801480933812
TXN-0418,Eastern Retail Ltd,Operations,Net 90,2024-01-08,2024-04-07,2024-04-13,10856.72,10856.72,Normal,0,6,96,1.0,-0.17449048908156614,-0.13739397408677717,1,9.29263162669506
TXN-0047,SABIC Materials,Procurement,Net 15,2024-01-08,2024-01-23,2024-01-28,6846.47,6846.47,Normal,0,5,20,1.0,-0.46988940835074244,-0.22091438104432481,5,8.831634519966629
TXN-0009,KSA Office Depot,Finance,Net 30,2024-01-09,2024-02-08,2024-02-17,6798.25,6798.25,Normal,0,9,39,1.0,-0.5009587319027593,-0.22191864612093926,5,8.824567590963708
TXN-0034,KSA Office Depot,Procurement,Net 30,2024-01-10,2024-02-09,2024-02-19,4246.42,4246.42,Normal,0,10,40,1.0,-0.7165814109174428,-0.2750649287932113,5,8.354067018760121
TXN-0460,SABIC Materials,Finance,Net 60,2024-01-10,2024-03-10,2024-03-19,3795.98,3795.98,Normal,0,9,69,1.0,-0.683548902882694,-0.28444612251179685,5,8.241961292901628
TXN-0231,Al-Rajhi Supplies,IT,Net 90,2024-01-10,2024-04-09,2024-04-08,5517.65,5517.65,Normal,0,-1,89,1.0,-0.3526550054975666,-0.24858936070228346,4,8.6158885441428
TXN-0142,Riyadh Logistics,Logistics,Net 60,2024-01-11,2024-03-11,2024-03-14,28161.59,28161.59,Normal,0,3,63,1.0,1.314068626181582,0.22300993707772834,4,10.245749780474409
TXN-0056,Gulf Trading Co.,Procurement,Immediate,2024-01-12,2024-01-12,2024-01-08,20848.23,20848.23,Normal,0,-4,-4,1.0,-0.041427897676522656,0.07069653930276394,5,9.945072296089366
TXN-0461,Noor Packaging,Operations,Net 30,2024-01-13,2024-02-12,2024-02-17,47656.78,47656.78,Normal,0,5,35,1.0,1.06924654780915,0.6290310585825507,5,10.771801169626603
TXN-0428,Riyadh Logistics,Logistics,Immediate,2024-01-14,2024-01-14,2024-01-18,17134.36,17134.36,Normal,0,4,4,1.0,0.3225319635863042,-0.006651240458454819,4,9.748899443717423
TXN-0258,Noor Packaging,Procurement,Net 60,2024-01-15,2024-03-15,2024-03-23,5618.75,5618.75,Normal,0,8,68,1.0,-0.4165080550656199,-0.24648377797217733,5,8.63404245791253
TXN-0448,Riyadh Logistics,Procurement,Immediate,2024-01-15,2024-01-15,2024-01-17,4666.18,4666.18,Normal,0,2,2,1.0,-0.7985707599296823,-0.26632269925028995,4,8.44831031387973
TXN-0156,Gulf Trading Co.,Finance,Net 30,2024-01-16,2024-02-15,2024-02-15,5588.79,5588.79,Normal,0,0,30,1.0,-0.25181327553681965,-0.24710774689991202,5,8.628696998359406
TXN-0227,KSA Office Depot,Procurement,Immediate,2024-01-17,2024-01-17,2024-01-27,10419.39,10419.39,Normal,0,10,10,1.0,-0.19498227270005733,-0.14650212933264573,5,9.251519742629979
TXN-0235,Noor Packaging,Logistics,Net 90,2024-01-18,2024-04-17,2024-04-22,55003.67,55003.67,Normal,0,5,95,1.0,1.3289084690341602,0.7820427767229005,5,10.915173369700945
TXN-0446,Aramco Services,Logistics,Net 90,2024-01-18,2024-04-17,2024-04-27,16911.31,16911.31,Normal,0,10,100,1.0,0.54483321171756,-0.011296643306626617,3,9.735797038121778
TXN-0232,SABIC Materials,Finance,Net 90,2024-01-18,2024-04-17,2024-04-25,11768.32,11768.32,Normal,0,8,98,1.0,-0.1251579117183702,-0.11840832406932178,5,9.373251424583641
TXN-0213,Gulf Trading Co.,Finance,Net 60,2024-01-18,2024-03-18,2024-03-15,21230.66,21230.66,Normal,0,-3,57,1.0,-0.036155248086818616,0.07866130689400513,5,9.963248742879339
TXN-0334,Jeddah Wholesale,IT,Net 90,2024-01-21,2024-04-20,2024-04-29,5757.57,5757.57,Normal,0,9,99,1.0,-0.558784959291279,-0.24359261086442927,1,8.658444458978467
TXN-0023,Madinah Goods,Logistics,Net 30,2024-01-22,2024-02-21,2024-02-17,10446.5,10446.5,Normal,0,-4,26,1.0,-0.22500762400605623,-0.14593751659463208,3,9.25411799432207
TXN-0130,Gulf Trading Co.,Procurement,Net 30,2024-01-22,2024-02-21,2024-02-16,6615.82,6615.82,Normal,0,-5,25,1.0,-0.23765337880247941,-0.22571806706508624,5,8.797370170982244
TXN-0286,Al-Rajhi Supplies,Operations,Net 60,2024-01-22,2024-03-22,2024-03-18,2076.27,2076.27,Normal,0,-4,56,1.0,-0.432827778452366,-0.3202620639241687,4,7.638809810612834
TXN-0191,Madinah Goods,Finance,Immediate,2024-01-23,2024-01-23,2024-02-02,6924.27,6924.27,Normal,0,10,10,1.0,-0.5194248514332246,-0.2192940611986052,3,8.842932319465156
TXN-0029,Al-Rajhi Supplies,Finance,Immediate,2024-01-26,2024-01-26,2024-01-26,6121.05,6121.05,Normal,0,0,0,1.0,-0.3385977810117714,-0.23602250986800025,4,8.719652286737606
TXN-0182,KSA Office Depot,IT,Net 30,2024-01-27,2024-02-26,2024-02-29,4985.43,4985.43,Normal,0,3,33,1.0,-0.6541370803708776,-0.25967376466486586,5,8.514475501841055
TXN-0491,Al-Rajhi Supplies,Logistics,Immediate,2024-01-28,2024-01-28,2024-01-23,9834.2,9834.2,Normal,0,-5,-5,1.0,-0.2520936658320722,-0.158689725354711,4,9.193723066152746
TXN-0328,Riyadh Logistics,Operations,Net 90,2024-01-28,2024-04-27,2024-05-07,18644.94,18644.94,Normal,0,10,100,1.0,0.4583589529374988,0.024809206232382964,4,9.83338370700313
TXN-0027,SABIC Materials,IT,Net 90,2024-01-29,2024-04-28,2024-05-03,3941.06,3941.06,Normal,0,5,95,1.0,-0.673387348684288,-0.28142458005399473,5,8.279458708296984
TXN-0330,Noor Packaging,Procurement,Immediate,2024-01-30,2024-01-30,2024-01-26,16361.34,16361.34,Normal,0,-4,-4,1.0,-0.03683154455129575,-0.02275072178413864,5,9.702737631713509
TXN-0359,Aramco Services,Operations,Net 30,2024-01-31,2024-03-01,2024-03-06,12812.48,12812.48,Normal,0,5,35,1.0,0.03964110323472443,-0.09666188229417236,3,9.4582530207606
TXN-0304,Madinah Goods,IT,Net 60,2024-02-02,2024-04-02,2024-04-08,16127.74,16127.74,Normal,0,6,66,1.0,0.2498775848384332,-0.02761584666794468,3,9.688358052755014
TXN-0510,Gulf Trading Co.,IT,Net 90,2024-02-02,2024-05-02,2024-05-06,0.0,0.0,Zero Amount,1,4,94,0.0,-0.3288671973014355,-0.36350398533898015,3,0.0
TXN-0138,KSA Office Depot,Procurement,Immediate,2024-02-05,2024-02-05,2024-02-01,7649.16,7649.16,Normal,0,-4,-4,1.0,-0.4290591563822958,-0.2041969705435446,4,8.942481841634544
TXN-0233,Riyadh Logistics,Operations,Net 60,2024-02-07,2024-04-07,2024-04-13,10264.61,10264.61,Normal,0,6,66,1.0,-0.29517610887286366,-0.1497256911028319,2,9.236554752918794
TXN-0251,KSA Office Depot,Procurement,Net 30,2024-02-07,2024-03-08,2024-03-13,3609.39,3609.39,Normal,0,5,35,1.0,-0.7704087094493685,-0.2883321826662034,4,8.191571078732753
TXN-0230,SABIC Materials,Procurement,Net 90,2024-02-08,2024-05-08,2024-05-17,17046.13,17046.13,Normal,0,9,99,1.0,0.24450539379506503,-0.008488783131820419,4,9.743737140097092
TXN-0320,Aramco Services,IT,Net 30,2024-02-09,2024-03-10,2024-03-15,8918.52,8918.52,Normal,0,5,35,1.0,-0.4403002123962779,-0.1777603484437671,2,9.095997412466962
TXN-0151,Jeddah Wholesale,Logistics,Net 15,2024-02-10,2024-02-25,2024-02-20,12093.15,12093.15,Normal,0,-5,10,1.0,-0.2063552304330347,-0.11164317631244373,4,9.400477143600629
TXN-0314,Jeddah Wholesale,IT,Immediate,2024-02-10,2024-02-10,2024-02-06,18973.67,18973.67,Normal,0,-4,-4,1.0,0.17638791194757236,0.031655578248879344,4,9.850860210808252
TXN-0024,SABIC Materials,Operations,Net 60,2024-02-10,2024-04-10,2024-04-18,3165.93,3165.93,Normal,0,8,68,1.0,-0.7276782606350078,-0.29756800578680537,4,8.060517943357834
TXN-0386,Noor Packaging,Operations,Net 60,2024-02-11,2024-04-11,2024-04-17,11162.5,11162.5,Normal,0,6,66,1.0,-0.22057470424763426,-0.13102557559803485,3,9.320404806838491
TXN-0081,Riyadh Logistics,Finance,Net 15,2024-02-15,2024-03-01,2024-03-03,8302.09,8302.09,Normal,0,2,17,1.0,-0.4716402373145925,-0.19059857161210852,2,9.024383013658902
TXN-0108,SABIC Materials,Logistics,Net 60,2024-02-15,2024-04-15,2024-04-24,11380.56,11380.56,Normal,0,9,69,1.0,-0.15231702569668504,-0.12648409814870804,4,9.339749780886414
TXN-0228,Noor Packaging,Operations,Immediate,2024-02-15,2024-02-15,2024-02-21,4178.9,4178.9,Normal,0,6,6,1.0,-0.4673968280397397,-0.2764711498212703,3,8.338042601787656
TXN-0091,Eastern Retail Ltd,Procurement,Immediate,2024-02-17,2024-02-17,2024-02-18,10696.39,10696.39,Normal,0,1,1,1.0,-0.17579207358010196,-0.14073312422642026,1,9.277755065461754
TXN-0102,Gulf Trading Co.,Finance,Net 60,2024-02-17,2024-04-17,2024-04-18,7069.07,7069.07,Normal,0,1,61,1.0,-0.23140431772847017,-0.216278350226109,3,8.863625659831703
TXN-0050,Gulf Trading Co.,Procurement,Net 15,2024-02-18,2024-03-04,2024-03-02,2415.27,2415.27,Normal,0,-2,13,1.0,-0.29556731922041546,-0.31320180135734405,3,7.789980307777472
TXN-0187,Jeddah Wholesale,Finance,Net 15,2024-02-21,2024-03-07,2024-03-03,14452.03,14452.03,Normal,0,-4,11,1.0,-0.07513765622370648,-0.06251541181795582,4,9.578659360140316
TXN-0364,Noor Packaging,IT,Net 15,2024-02-22,2024-03-08,2024-03-18,13648.29,13648.29,Normal,0,10,25,1.0,-0.13271916167629882,-0.0792546903886333,3,9.521442784608283
TXN-0430,KSA Office Depot,Finance,Net 15,2024-02-22,2024-03-08,2024-03-03,2423.6,2423.6,Normal,0,-5,10,1.0,-0.8706047321267495,-0.3130283146694926,4,7.793421841312483
TXN-0083,Jeddah Wholesale,Operations,Net 60,2024-02-23,2024-04-23,2024-05-02,32283.62,32283.62,Normal,0,9,69,1.0,0.9167813833608903,0.30885835627633695,4,10.382346234819392
TXN-0017,Aramco Services,Procurement,Net 60,2024-02-25,2024-04-25,2024-04-21,4401.65,4401.65,Normal,0,-4,56,1.0,-0.9970169044871587,-0.27183199499306915,2,8.389961911340194
TXN-0391,Madinah Goods,Logistics,Net 15,2024-02-26,2024-03-12,2024-03-09,4823.56,4823.56,Normal,0,-3,12,1.0,-0.6950196348030007,-0.2630449879736915,3,8.481474817905026
TXN-0189,SABIC Materials,Logistics,Immediate,2024-02-27,2024-02-27,2024-02-22,5026.93,5026.93,Normal,0,-5,-5,1.0,-0.5973318837172138,-0.2588094552355938,4,8.52276364757663
TXN-0429,KSA Office Depot,Finance,Immediate,2024-02-29,2024-02-29,2024-03-10,23080.41,23080.41,Normal,0,10,10,1.0,0.8748394048640782,0.11718555669631767,4,10.046782810610424
TXN-0393,Madinah Goods,Finance,Net 60,2024-02-29,2024-04-29,2024-04-29,3442.02,3442.02,Normal,0,0,60,1.0,-0.8105002185183544,-0.2918179530078242,3,8.144104272209251
TXN-0312,Al-Rajhi Supplies,Procurement,Net 90,2024-03-01,2024-05-30,2024-06-03,23837.65,23837.65,Normal,0,4,94,1.0,0.07414040812485354,0.13295639217154578,3,10.07906349205911
TXN-0332,Riyadh Logistics,Operations,Net 60,2024-03-01,2024-04-30,2024-04-30,4828.04,4828.04,Normal,0,0,60,1.0,-0.7840167763628507,-0.2629516842087966,3,8.482402969127701
TXN-0110,KSA Office Depot,IT,Net 15,2024-03-01,2024-03-16,2024-03-25,9324.9,9324.9,Normal,0,9,24,1.0,-0.28746369425038826,-0.1692967805915364,3,9.140550754600076
TXN-0234,Madinah Goods,IT,Net 90,2024-03-01,2024-05-30,2024-05-30,5876.52,5876.52,Normal,0,0,90,1.0,-0.6070044955895731,-0.24111527094606997,5,8.678890183215751
TXN-0067,Noor Packaging,Operations,Net 15,2024-03-02,2024-03-17,2024-03-21,9343.09,9343.09,Normal,0,4,19,1.0,-0.2848783070096187,-0.16891794231398316,3,9.142499336870937
TXN-0128,Noor Packaging,Logistics,Net 90,2024-03-03,2024-06-01,2024-05-29,6291.54,6291.54,Normal,0,-3,87,1.0,-0.3927295659387955,-0.23247176011868476,3,8.747120083763203
TXN-0487,Madinah Goods,Operations,Net 60,2024-03-03,2024-05-02,2024-04-27,5900.2,5900.2,Normal,0,-5,55,1.0,-0.6050251245815824,-0.240622093903054,5,8.682910999043411
TXN-0197,Madinah Goods,Finance,Net 15,2024-03-03,2024-03-18,2024-03-28,4880.07,4880.07,Normal,0,10,25,1.0,-0.6902960598172931,-0.2618680692785551,5,8.493119737107811
TXN-0201,Al-Rajhi Supplies,Finance,Net 90,2024-03-04,2024-06-02,2024-06-12,13177.02,13177.02,Normal,0,10,100,1.0,-0.17421701492785285,-0.08906970496051374,3,9.486305569153597
TXN-0345,Al-Rajhi Supplies,Finance,Net 30,2024-03-05,2024-04-04,2024-04-09,6789.75,6789.75,Normal,0,5,35,1.0,-0.3230192824806954,-0.22209567335344077,3,8.823316671006621
TXN-0030,Madinah Goods,Procurement,Net 90,2024-03-06,2024-06-04,2024-06-05,7837.26,7837.26,Normal,0,1,91,1.0,-0.4431095669490397,-0.20027946202195251,5,8.966772149936888
TXN-0300,Aramco Services,Procurement,Net 15,2024-03-08,2024-03-23,2024-03-21,16378.14,16378.14,Normal,0,-2,13,1.0,0.4791185379009357,-0.022400832665782744,1,9.703763852976223
TXN-0223,Eastern Retail Ltd,Finance,Net 15,2024-03-08,2024-03-23,2024-03-27,17137.22,17137.22,Normal,0,4,19,1.0,-0.12350438889411428,-0.00659167600140136,2,9.749066336117146
TXN-0417,Noor Packaging,IT,Net 30,2024-03-09,2024-04-08,2024-04-06,34232.19,34232.19,Normal,0,-2,28,1.0,0.5947798236499398,0.3494407038569788,3,10.440950920287486
TXN-0008,Eastern Retail Ltd,Procurement,Net 90,2024-03-09,2024-06-07,2024-06-13,18287.04,18287.04,Normal,0,6,96,1.0,-0.11416996683893779,0.01735531840740793,2,9.814002573258797
TXN-0144,KSA Office Depot,Finance,Net 90,2024-03-12,2024-06-10,2024-06-12,11472.49,11472.49,Normal,0,2,92,1.0,-0.10599819332550525,-0.12456949656237118,3,9.347794435856024
TXN-0026,Madinah Goods,Finance,Immediate,2024-03-16,2024-03-16,2024-03-11,10815.53,10815.53,Normal,0,-5,-5,1.0,-0.19416103265982154,-0.1382518272287462,5,9.288830798561502
TXN-0168,Jeddah Wholesale,Logistics,Net 90,2024-03-16,2024-06-14,2024-06-22,45135.95,45135.95,Normal,0,8,98,1.0,1.631718796683219,0.5765304046405783,1,10.717456480521168
TXN-0308,KSA Office Depot,IT,Net 90,2024-03-18,2024-06-16,2024-06-21,6165.61,6165.61,Normal,0,5,95,1.0,-0.5544150874013032,-0.23509447063502764,3,8.726904533166897
TXN-0125,SABIC Materials,Logistics,Net 60,2024-03-19,2024-05-18,2024-05-27,15827.21,15827.21,Normal,0,9,69,1.0,0.15913096835033755,-0.033874904807200804,1,9.66954907004429
TXN-0394,Riyadh Logistics,Logistics,Immediate,2024-03-20,2024-03-20,2024-03-16,42837.41,42837.41,Normal,0,-4,-4,1.0,2.633675960357892,0.5286593252295189,3,10.665190409026973
TXN-0161,Riyadh Logistics,Logistics,Net 30,2024-03-22,2024-04-21,2024-04-16,4538.06,4538.06,Normal,0,-5,25,1.0,-0.8100909401754652,-0.2689910203124185,3,8.420475221139753
